"","lane","tile","code","value"
"137",1,1101,100,815518
"133",1,1102,100,837055.1875
"139",1,1103,100,861977.75
"141",1,1104,100,885438.5
"131",1,1105,100,908224.25
"135",1,1106,100,924064.1875
"129",1,1107,100,940336.4375
"143",1,1108,100,959045.125
"153",1,1109,100,973083.625
"151",1,1110,100,992495.4375
"155",1,1111,100,1029837.4375
"161",1,1112,100,1049950.625
"147",1,1113,100,1068723.625
"149",1,1114,100,1087160
"145",1,1115,100,1094483.25
"159",1,1116,100,1113062.5
"169",1,1201,100,818552.0625
"171",1,1202,100,839181.5625
"167",1,1203,100,865460.375
"175",1,1204,100,888900.3125
"163",1,1205,100,909700.3125
"165",1,1206,100,923179.5
"157",1,1207,100,942166.625
"177",1,1208,100,959652.0625
"187",1,1209,100,974993.375
"185",1,1210,100,1000934
"181",1,1211,100,1034920.8125
"197",1,1212,100,1056668.75
"173",1,1213,100,1073020.5
"183",1,1214,100,1089919.375
"179",1,1215,100,1106728.125
"195",1,1216,100,1122397.875
"203",1,2101,100,821135.0625
"199",1,2102,100,838574.25
"193",1,2103,100,863379.5
"217",1,2104,100,887938.5
"189",1,2105,100,908655.875
"201",1,2106,100,928303.8125
"191",1,2107,100,947283.625
"211",1,2108,100,964142.3125
"215",1,2109,100,977627.375
"213",1,2110,100,1003037.8125
"207",1,2111,100,1039776
"235",1,2112,100,1068901.375
"205",1,2113,100,1092035.375
"219",1,2114,100,1114468.375
"209",1,2115,100,1137864.875
"227",1,2116,100,1152830.125
"231",1,2201,100,824318
"229",1,2202,100,843570.125
"223",1,2203,100,867270.8125
"253",1,2204,100,893216.3125
"221",1,2205,100,914084.3125
"233",1,2206,100,932725.6875
"225",1,2207,100,951404.8125
"247",1,2208,100,966330.875
"243",1,2209,100,981705.875
"245",1,2210,100,1012330.5
"237",1,2211,100,1050173.875
"259",1,2212,100,1076512.5
"239",1,2213,100,1100571.5
"249",1,2214,100,1122224.625
"241",1,2215,100,1142010
"269",1,2216,100,1156095.125
"917",1,1101,101,771136.375
"927",1,1102,101,790760.6875
"925",1,1103,101,810802.6875
"919",1,1104,101,830514.125
"921",1,1105,101,837259.6875
"923",1,1106,101,860099.6875
"929",1,1107,101,870571.5
"915",1,1108,101,884611.75
"938",1,1109,101,891474.5625
"947",1,1110,101,909731.5625
"957",1,1111,101,935785.75
"953",1,1112,101,944971.1875
"955",1,1113,101,954622.5625
"967",1,1114,101,960331.1875
"965",1,1115,101,962491.5625
"969",1,1116,101,971921.5625
"975",1,1201,101,773967.25
"981",1,1202,101,791795.4375
"992",1,1203,101,813669.125
"995",1,1204,101,832116.25
"997",1,1205,101,837977.125
"1007",1,1206,101,852073.875
"1003",1,1207,101,872463.5
"1009",1,1208,101,884786.6875
"1014",1,1209,101,896827
"1019",1,1210,101,915036.6875
"1026",1,1211,101,939339.8125
"1032",1,1212,101,951962.375
"1035",1,1213,101,961384.6875
"1043",1,1214,101,966017.25
"1045",1,1215,101,977514.5625
"1049",1,1216,101,986602.0625
"1055",1,2101,101,780248.9375
"1059",1,2102,101,795395.4375
"1066",1,2103,101,816800
"1072",1,2104,101,836950
"1074",1,2105,101,836202.8125
"1083",1,2106,101,868780.5625
"1085",1,2107,101,882743.3125
"1089",1,2108,101,894653.4375
"1094",1,2109,101,903550
"1099",1,2110,101,925228.0625
"1105",1,2111,101,951754.875
"1112",1,2112,101,970598.6875
"1114",1,2113,101,983034.625
"1122",1,2114,101,993464.1875
"1124",1,2115,101,1006358.3125
"1129",1,2116,101,1006590.9375
"1134",1,2201,101,782109.25
"1139",1,2202,101,799245.5
"1144",1,2203,101,819566.625
"1150",1,2204,101,840545.125
"1154",1,2205,101,847143.3125
"1161",1,2206,101,869305.1875
"1167",1,2207,101,884806.875
"1174",1,2208,101,896848.5625
"1170",1,2209,101,908032.25
"1179",1,2210,101,930781.1875
"1184",1,2211,101,960326.375
"1190",1,2212,101,975450.3125
"1194",1,2213,101,989818.375
"1201",1,2214,101,1001178.0625
"1205",1,2215,101,1009605.5
"1215",1,2216,101,1016194.125
"138",1,1101,102,2348692
"134",1,1102,102,2410719
"140",1,1103,102,2482496
"142",1,1104,102,2550063
"132",1,1105,102,2615686
"136",1,1106,102,2661305
"130",1,1107,102,2708169
"144",1,1108,102,2762050
"154",1,1109,102,2802481
"152",1,1110,102,2858387
"156",1,1111,102,2965932
"162",1,1112,102,3023858
"148",1,1113,102,3077924
"150",1,1114,102,3131021
"146",1,1115,102,3152112
"160",1,1116,102,3205620
"170",1,1201,102,2357430
"172",1,1202,102,2416843
"168",1,1203,102,2492526
"176",1,1204,102,2560033
"164",1,1205,102,2619937
"166",1,1206,102,2658757
"158",1,1207,102,2713440
"178",1,1208,102,2763798
"188",1,1209,102,2807981
"186",1,1210,102,2882690
"182",1,1211,102,2980572
"198",1,1212,102,3043206
"174",1,1213,102,3090299
"184",1,1214,102,3138968
"180",1,1215,102,3187377
"196",1,1216,102,3232506
"204",1,2101,102,2364869
"200",1,2102,102,2415094
"194",1,2103,102,2486533
"218",1,2104,102,2557263
"190",1,2105,102,2616929
"202",1,2106,102,2673515
"192",1,2107,102,2728177
"212",1,2108,102,2776730
"216",1,2109,102,2815567
"214",1,2110,102,2888749
"208",1,2111,102,2994555
"236",1,2112,102,3078436
"206",1,2113,102,3145062
"220",1,2114,102,3209669
"210",1,2115,102,3277051
"228",1,2116,102,3320151
"232",1,2201,102,2374036
"230",1,2202,102,2429482
"224",1,2203,102,2497740
"254",1,2204,102,2572463
"222",1,2205,102,2632563
"234",1,2206,102,2686250
"226",1,2207,102,2740046
"248",1,2208,102,2783033
"244",1,2209,102,2827313
"246",1,2210,102,2915512
"238",1,2211,102,3024501
"260",1,2212,102,3100356
"240",1,2213,102,3169646
"250",1,2214,102,3232007
"242",1,2215,102,3288989
"270",1,2216,102,3329554
"918",1,1101,103,2220873
"928",1,1102,103,2277391
"926",1,1103,103,2335112
"920",1,1104,103,2391881
"922",1,1105,103,2411308
"924",1,1106,103,2477087
"930",1,1107,103,2507246
"916",1,1108,103,2547682
"939",1,1109,103,2567447
"948",1,1110,103,2620027
"958",1,1111,103,2695063
"954",1,1112,103,2721517
"956",1,1113,103,2749313
"968",1,1114,103,2765754
"966",1,1115,103,2771976
"970",1,1116,103,2799134
"976",1,1201,103,2229026
"982",1,1202,103,2280371
"993",1,1203,103,2343367
"996",1,1204,103,2396495
"998",1,1205,103,2413374
"1008",1,1206,103,2453973
"1004",1,1207,103,2512695
"1010",1,1208,103,2548186
"1015",1,1209,103,2582862
"1020",1,1210,103,2635306
"1027",1,1211,103,2705299
"1033",1,1212,103,2741652
"1036",1,1213,103,2768788
"1044",1,1214,103,2782130
"1046",1,1215,103,2815242
"1050",1,1216,103,2841414
"1056",1,2101,103,2247117
"1060",1,2102,103,2290739
"1067",1,2103,103,2352384
"1073",1,2104,103,2410416
"1075",1,2105,103,2408264
"1084",1,2106,103,2502088
"1086",1,2107,103,2542301
"1090",1,2108,103,2576602
"1095",1,2109,103,2602224
"1100",1,2110,103,2664657
"1106",1,2111,103,2741054
"1113",1,2112,103,2795324
"1115",1,2113,103,2831140
"1123",1,2114,103,2861177
"1125",1,2115,103,2898312
"1130",1,2116,103,2898982
"1135",1,2201,103,2252475
"1140",1,2202,103,2301827
"1145",1,2203,103,2360352
"1151",1,2204,103,2420770
"1155",1,2205,103,2439773
"1162",1,2206,103,2503599
"1168",1,2207,103,2548244
"1175",1,2208,103,2582924
"1171",1,2209,103,2615133
"1180",1,2210,103,2680650
"1185",1,2211,103,2765740
"1191",1,2212,103,2809297
"1195",1,2213,103,2850677
"1202",1,2214,103,2883393
"1206",1,2215,103,2907664
"1216",1,2216,103,2926639
"385",1,1101,200,0
"647",1,1101,200,0.00118782033678144
"901",1,1101,200,0.00118782033678144
"387",1,1102,200,0
"643",1,1102,200,0.00121640134602785
"913",1,1102,200,0.00121640134602785
"391",1,1103,200,0
"653",1,1103,200,0.00117118610069156
"903",1,1103,200,0.00117118610069156
"389",1,1104,200,0
"657",1,1104,200,0.00114599952939898
"905",1,1104,200,0.00114599952939898
"397",1,1105,200,0
"645",1,1105,200,0.00121709029190242
"907",1,1105,200,0.00121709029190242
"395",1,1106,200,0
"655",1,1106,200,0.00110137567389756
"911",1,1106,200,0.00110137567389756
"393",1,1107,200,0
"651",1,1107,200,0.00103263114579022
"909",1,1107,200,0.00103263114579022
"399",1,1108,200,0
"649",1,1108,200,0.00113370781764388
"899",1,1108,200,0.00113370781764388
"401",1,1109,200,0
"659",1,1109,200,0.000938596436753869
"936",1,1109,200,0.000938596436753869
"403",1,1110,200,0
"669",1,1110,200,0.00106954306829721
"941",1,1110,200,0.00106954306829721
"409",1,1111,200,0
"661",1,1111,200,0.000860360742080957
"951",1,1111,200,0.000860360742080957
"407",1,1112,200,0
"665",1,1112,200,0.00108142243698239
"945",1,1112,200,0.00108142243698239
"405",1,1113,200,0
"667",1,1113,200,0.000988837797194719
"949",1,1113,200,0.000988837797194719
"411",1,1114,200,0
"663",1,1114,200,0.00107343250419945
"961",1,1114,200,0.00107343250419945
"415",1,1115,200,0
"673",1,1115,200,0.00114299450069666
"959",1,1115,200,0.00114299450069666
"413",1,1116,200,0
"671",1,1116,200,0.00104484485927969
"963",1,1116,200,0.00104484485927969
"419",1,1201,200,0
"677",1,1201,200,0.0012558902380988
"972",1,1201,200,0.0012558902380988
"423",1,1202,200,0
"681",1,1202,200,0.00111449998803437
"977",1,1202,200,0.00111449998803437
"429",1,1203,200,0
"679",1,1203,200,0.00137035537045449
"985",1,1203,200,0.00137035537045449
"417",1,1204,200,0
"675",1,1204,200,0.00119038484990597
"990",1,1204,200,0.00119038484990597
"425",1,1205,200,0
"689",1,1205,200,0.00112146197352558
"988",1,1205,200,0.00112146197352558
"421",1,1206,200,0
"685",1,1206,200,0.00113752379547805
"1001",1,1206,200,0.00113752379547805
"431",1,1207,200,0
"683",1,1207,200,0.00121957552619278
"999",1,1207,200,0.00121957552619278
"427",1,1208,200,0
"687",1,1208,200,0.00103796017356217
"1005",1,1208,200,0.00103796017356217
"437",1,1209,200,0
"691",1,1209,200,0.000987179228104651
"1012",1,1209,200,0.000987179228104651
"433",1,1210,200,0
"693",1,1210,200,0.000992673565633595
"1017",1,1210,200,0.000992673565633595
"435",1,1211,200,0
"699",1,1211,200,0.000948701926972717
"1024",1,1211,200,0.000948701926972717
"447",1,1212,200,0
"695",1,1212,200,0.00102728174533695
"1028",1,1212,200,0.00102728174533695
"443",1,1213,200,0
"697",1,1213,200,0.00107986282091588
"1030",1,1213,200,0.00107986282091588
"441",1,1214,200,0
"701",1,1214,200,0.00134965358301997
"1039",1,1214,200,0.00134965358301997
"439",1,1215,200,0
"703",1,1215,200,0.00125351257156581
"1041",1,1215,200,0.00125351257156581
"445",1,1216,200,0
"705",1,1216,200,0.00128778454381973
"1047",1,1216,200,0.00128778454381973
"515",1,2101,200,0
"775",1,2101,200,0.00103375606704503
"1052",1,2101,200,0.00103375606704503
"519",1,2102,200,0
"771",1,2102,200,0.00115017814096063
"1057",1,2102,200,0.00115017814096063
"513",1,2103,200,0
"785",1,2103,200,0.00126955017913133
"1063",1,2103,200,0.00126955017913133
"525",1,2104,200,0
"783",1,2104,200,0.00112778483889997
"1068",1,2104,200,0.00112778483889997
"521",1,2105,200,0
"773",1,2105,200,0.000955066061578691
"1070",1,2105,200,0.000955066061578691
"527",1,2106,200,0
"779",1,2106,200,0.0014018026413396
"1078",1,2106,200,0.0014018026413396
"517",1,2107,200,0
"777",1,2107,200,0.000955421361140907
"1080",1,2107,200,0.000955421361140907
"523",1,2108,200,0
"781",1,2108,200,0.0012131609255448
"1087",1,2108,200,0.0012131609255448
"529",1,2109,200,0
"787",1,2109,200,0.00115881115198135
"1092",1,2109,200,0.00115881115198135
"531",1,2110,200,0
"789",1,2110,200,0.00104471959639341
"1097",1,2110,200,0.00104471959639341
"537",1,2111,200,0
"791",1,2111,200,0.00113904010504484
"1103",1,2111,200,0.00113904010504484
"535",1,2112,200,0
"793",1,2112,200,0.00103759043850005
"1108",1,2112,200,0.00103759043850005
"533",1,2113,200,0
"795",1,2113,200,0.00118578935507685
"1110",1,2113,200,0.00118578935507685
"541",1,2114,200,0
"799",1,2114,200,0.00113511073868722
"1118",1,2114,200,0.00113511073868722
"539",1,2115,200,0
"797",1,2115,200,0.0010302901500836
"1120",1,2115,200,0.0010302901500836
"543",1,2116,200,0
"801",1,2116,200,0.00126437190920115
"1127",1,2116,200,0.00126437190920115
"553",1,2201,200,0
"805",1,2201,200,0.00124426779802889
"1132",1,2201,200,0.00124426779802889
"545",1,2202,200,0
"803",1,2202,200,0.0011534906225279
"1137",1,2202,200,0.0011534906225279
"551",1,2203,200,0
"807",1,2203,200,0.00115946086589247
"1142",1,2203,200,0.00115946086589247
"549",1,2204,200,0
"809",1,2204,200,0.00122775894124061
"1148",1,2204,200,0.00122775894124061
"547",1,2205,200,0
"811",1,2205,200,0.00103352405130863
"1152",1,2205,200,0.00103352405130863
"557",1,2206,200,0
"815",1,2206,200,0.00103433628100902
"1159",1,2206,200,0.00103433628100902
"555",1,2207,200,0
"817",1,2207,200,0.00111728080082685
"1163",1,2207,200,0.00111728080082685
"559",1,2208,200,0
"813",1,2208,200,0.00107440142892301
"1172",1,2208,200,0.00107440142892301
"561",1,2209,200,0
"819",1,2209,200,0.000927782384678721
"1165",1,2209,200,0.000927782384678721
"563",1,2210,200,0
"823",1,2210,200,0.000967106723692268
"1177",1,2210,200,0.000967106723692268
"569",1,2211,200,0
"821",1,2211,200,0.0011240488383919
"1182",1,2211,200,0.0011240488383919
"567",1,2212,200,0
"825",1,2212,200,0.000896562007255852
"1187",1,2212,200,0.000896562007255852
"565",1,2213,200,0
"827",1,2213,200,0.00108914822340012
"1192",1,2213,200,0.00108914822340012
"573",1,2214,200,0
"829",1,2214,200,0.00117392838001251
"1199",1,2214,200,0.00117392838001251
"571",1,2215,200,0
"833",1,2215,200,0.00123752478975803
"1203",1,2215,200,0.00123752478975803
"575",1,2216,200,0
"831",1,2216,200,0.00123139529023319
"1212",1,2216,200,0.00123139529023319
"386",1,1101,201,0
"648",1,1101,201,0.00126534991431981
"902",1,1101,201,0.00126534991431981
"388",1,1102,201,0
"644",1,1102,201,0.00137625285424292
"914",1,1102,201,0.00137625285424292
"392",1,1103,201,0
"654",1,1103,201,0.00150217127520591
"904",1,1103,201,0.00150217127520591
"390",1,1104,201,0
"658",1,1104,201,0.00125551072414964
"906",1,1104,201,0.00125551072414964
"398",1,1105,201,0
"646",1,1105,201,0.00136380642652512
"908",1,1105,201,0.00136380642652512
"396",1,1106,201,0
"656",1,1106,201,0.0013065020320937
"912",1,1106,201,0.0013065020320937
"394",1,1107,201,0
"652",1,1107,201,0.00138515629805624
"910",1,1107,201,0.00138515629805624
"400",1,1108,201,0
"650",1,1108,201,0.00131071824580431
"900",1,1108,201,0.00131071824580431
"402",1,1109,201,0
"660",1,1109,201,0.00105572096072137
"937",1,1109,201,0.00105572096072137
"404",1,1110,201,0
"670",1,1110,201,0.00103288446553051
"942",1,1110,201,0.00103288446553051
"410",1,1111,201,0
"662",1,1111,201,0.00113524775952101
"952",1,1111,201,0.00113524775952101
"408",1,1112,201,0
"666",1,1112,201,0.00102341885212809
"946",1,1112,201,0.00102341885212809
"406",1,1113,201,0
"668",1,1113,201,0.00090460671344772
"950",1,1113,201,0.00090460671344772
"412",1,1114,201,0
"664",1,1114,201,0.000737037684302777
"962",1,1114,201,0.000737037684302777
"416",1,1115,201,0
"674",1,1115,201,0.000514817947987467
"960",1,1115,201,0.000514817947987467
"414",1,1116,201,0
"672",1,1116,201,0.000515937164891511
"964",1,1116,201,0.000515937164891511
"420",1,1201,201,0
"678",1,1201,201,0.00115110632032156
"973",1,1201,201,0.00115110632032156
"424",1,1202,201,0
"682",1,1202,201,0.00119523494504392
"978",1,1202,201,0.00119523494504392
"430",1,1203,201,0
"680",1,1203,201,0.00122672377619892
"986",1,1203,201,0.00122672377619892
"418",1,1204,201,0
"676",1,1204,201,0.00125429686158895
"991",1,1204,201,0.00125429686158895
"426",1,1205,201,0
"690",1,1205,201,0.00120111473370343
"989",1,1205,201,0.00120111473370343
"422",1,1206,201,0
"686",1,1206,201,0.00126209016889334
"1002",1,1206,201,0.00126209016889334
"432",1,1207,201,0
"684",1,1207,201,0.00103177921846509
"1000",1,1207,201,0.00103177921846509
"428",1,1208,201,0
"688",1,1208,201,0.00113075750414282
"1006",1,1208,201,0.00113075750414282
"438",1,1209,201,0
"692",1,1209,201,0.00105634960345924
"1013",1,1209,201,0.00105634960345924
"434",1,1210,201,0
"694",1,1210,201,0.00101050699595362
"1018",1,1210,201,0.00101050699595362
"436",1,1211,201,0
"700",1,1211,201,0.000951752532273531
"1025",1,1211,201,0.000951752532273531
"448",1,1212,201,0
"696",1,1212,201,0.000912984774913639
"1029",1,1212,201,0.000912984774913639
"444",1,1213,201,0
"698",1,1213,201,0.000708764418959618
"1031",1,1213,201,0.000708764418959618
"442",1,1214,201,0
"702",1,1214,201,0.000625584274530411
"1040",1,1214,201,0.000625584274530411
"440",1,1215,201,0
"704",1,1215,201,0.000546985887922347
"1042",1,1215,201,0.000546985887922347
"446",1,1216,201,0
"706",1,1216,201,0.000464841403299943
"1048",1,1216,201,0.000464841403299943
"516",1,2101,201,0
"776",1,2101,201,0.00130143424030393
"1053",1,2101,201,0.00130143424030393
"520",1,2102,201,0
"772",1,2102,201,0.00135252485051751
"1058",1,2102,201,0.00135252485051751
"514",1,2103,201,0
"786",1,2103,201,0.00141185952816159
"1064",1,2103,201,0.00141185952816159
"526",1,2104,201,0
"784",1,2104,201,0.00148872577119619
"1069",1,2104,201,0.00148872577119619
"522",1,2105,201,0
"774",1,2105,201,0.00136411678977311
"1071",1,2105,201,0.00136411678977311
"528",1,2106,201,0
"780",1,2106,201,0.00134656159207225
"1079",1,2106,201,0.00134656159207225
"518",1,2107,201,0
"778",1,2107,201,0.0012040549190715
"1081",1,2107,201,0.0012040549190715
"524",1,2108,201,0
"782",1,2108,201,0.00130631716456264
"1088",1,2108,201,0.00130631716456264
"530",1,2109,201,0
"788",1,2109,201,0.00127722311299294
"1093",1,2109,201,0.00127722311299294
"532",1,2110,201,0
"790",1,2110,201,0.00112618296407163
"1098",1,2110,201,0.00112618296407163
"538",1,2111,201,0
"792",1,2111,201,0.00107647094409913
"1104",1,2111,201,0.00107647094409913
"536",1,2112,201,0
"794",1,2112,201,0.000997149967588484
"1109",1,2112,201,0.000997149967588484
"534",1,2113,201,0
"796",1,2113,201,0.000931950053200126
"1111",1,2113,201,0.000931950053200126
"542",1,2114,201,0
"800",1,2114,201,0.000975039321929216
"1119",1,2114,201,0.000975039321929216
"540",1,2115,201,0
"798",1,2115,201,0.00058299902593717
"1121",1,2115,201,0.00058299902593717
"544",1,2116,201,0
"802",1,2116,201,0.000632285256870091
"1128",1,2116,201,0.000632285256870091
"554",1,2201,201,0
"806",1,2201,201,0.00121542101260275
"1133",1,2201,201,0.00121542101260275
"546",1,2202,201,0
"804",1,2202,201,0.00114623585250229
"1138",1,2202,201,0.00114623585250229
"552",1,2203,201,0
"808",1,2203,201,0.00126082496717572
"1143",1,2203,201,0.00126082496717572
"550",1,2204,201,0
"810",1,2204,201,0.00108846311923116
"1149",1,2204,201,0.00108846311923116
"548",1,2205,201,0
"812",1,2205,201,0.00113393273204565
"1153",1,2205,201,0.00113393273204565
"558",1,2206,201,0
"816",1,2206,201,0.00117252802010626
"1160",1,2206,201,0.00117252802010626
"556",1,2207,201,0
"818",1,2207,201,0.00115437002386898
"1164",1,2207,201,0.00115437002386898
"560",1,2208,201,0
"814",1,2208,201,0.00114116119220853
"1173",1,2208,201,0.00114116119220853
"562",1,2209,201,0
"820",1,2209,201,0.0013298848643899
"1166",1,2209,201,0.0013298848643899
"564",1,2210,201,0
"824",1,2210,201,0.00113212142605335
"1178",1,2210,201,0.00113212142605335
"570",1,2211,201,0
"822",1,2211,201,0.000977416406385601
"1183",1,2211,201,0.000977416406385601
"568",1,2212,201,0
"826",1,2212,201,0.000964121602009982
"1188",1,2212,201,0.000964121602009982
"566",1,2213,201,0
"828",1,2213,201,0.000694431597366929
"1193",1,2213,201,0.000694431597366929
"574",1,2214,201,0
"830",1,2214,201,0.00061708118300885
"1200",1,2214,201,0.00061708118300885
"572",1,2215,201,0
"834",1,2215,201,0.000725662743207067
"1204",1,2215,201,0.000725662743207067
"576",1,2216,201,0
"832",1,2216,201,0.000542919151484966
"1213",1,2216,201,0.000542919151484966
"1673",1,1101,202,0
"1925",1,1101,202,0
"1671",1,1102,202,0
"1927",1,1102,202,0
"1667",1,1103,202,0
"1931",1,1103,202,0
"1681",1,1104,202,0
"1935",1,1104,202,0
"1677",1,1105,202,0
"1929",1,1105,202,0
"1669",1,1106,202,0
"1937",1,1106,202,0
"1675",1,1107,202,0
"1933",1,1107,202,0
"1679",1,1108,202,0
"1939",1,1108,202,0
"1685",1,1109,202,0
"1941",1,1109,202,0
"1683",1,1110,202,0
"1945",1,1110,202,0
"1689",1,1111,202,0
"1943",1,1111,202,0
"1691",1,1112,202,0
"1947",1,1112,202,0
"1687",1,1113,202,0
"1949",1,1113,202,0
"1693",1,1114,202,0
"1953",1,1114,202,0
"1695",1,1115,202,0
"1955",1,1115,202,0
"1697",1,1116,202,0
"1951",1,1116,202,0
"1705",1,1201,202,0
"1959",1,1201,202,0
"1703",1,1202,202,0
"1961",1,1202,202,0
"1701",1,1203,202,0
"1963",1,1203,202,0
"1699",1,1204,202,0
"1965",1,1204,202,0
"1709",1,1205,202,0
"1957",1,1205,202,0
"1713",1,1206,202,0
"1977",1,1206,202,0
"1707",1,1207,202,0
"1979",1,1207,202,0
"1711",1,1208,202,0
"1967",1,1208,202,0
"1719",1,1209,202,0
"1969",1,1209,202,0
"1717",1,1210,202,0
"1971",1,1210,202,0
"1715",1,1211,202,0
"1975",1,1211,202,0
"1725",1,1212,202,0
"1981",1,1212,202,0
"1721",1,1213,202,0
"1973",1,1213,202,0
"1727",1,1214,202,0
"1993",1,1214,202,0
"1729",1,1215,202,0
"1995",1,1215,202,0
"1723",1,1216,202,0
"1983",1,1216,202,0
"1801",1,2101,202,0
"2051",1,2101,202,0
"1799",1,2102,202,0
"2049",1,2102,202,0
"1805",1,2103,202,0
"2053",1,2103,202,0
"1807",1,2104,202,0
"2059",1,2104,202,0
"1797",1,2105,202,0
"2055",1,2105,202,0
"1795",1,2106,202,0
"2067",1,2106,202,0
"1803",1,2107,202,0
"2057",1,2107,202,0
"1809",1,2108,202,0
"2071",1,2108,202,0
"1813",1,2109,202,0
"2061",1,2109,202,0
"1811",1,2110,202,0
"2063",1,2110,202,0
"1815",1,2111,202,0
"2065",1,2111,202,0
"1817",1,2112,202,0
"2079",1,2112,202,0
"1821",1,2113,202,0
"2069",1,2113,202,0
"1819",1,2114,202,0
"2075",1,2114,202,0
"1823",1,2115,202,0
"2073",1,2115,202,0
"1825",1,2116,202,0
"2085",1,2116,202,0
"1833",1,2201,202,0
"2077",1,2201,202,0
"1827",1,2202,202,0
"2081",1,2202,202,0
"1835",1,2203,202,0
"2083",1,2203,202,0
"1837",1,2204,202,0
"2095",1,2204,202,0
"1829",1,2205,202,0
"2093",1,2205,202,0
"1841",1,2206,202,0
"2091",1,2206,202,0
"1831",1,2207,202,0
"2119",1,2207,202,0
"1839",1,2208,202,0
"2101",1,2208,202,0
"1843",1,2209,202,0
"2087",1,2209,202,0
"1851",1,2210,202,0
"2097",1,2210,202,0
"1845",1,2211,202,0
"2099",1,2211,202,0
"1855",1,2212,202,0
"2107",1,2212,202,0
"1847",1,2213,202,0
"2109",1,2213,202,0
"1857",1,2214,202,0
"2105",1,2214,202,0
"1849",1,2215,202,0
"2133",1,2215,202,0
"1853",1,2216,202,0
"2117",1,2216,202,0
"1674",1,1101,203,0
"1926",1,1101,203,0
"1672",1,1102,203,0
"1928",1,1102,203,0
"1668",1,1103,203,0
"1932",1,1103,203,0
"1682",1,1104,203,0
"1936",1,1104,203,0
"1678",1,1105,203,0
"1930",1,1105,203,0
"1670",1,1106,203,0
"1938",1,1106,203,0
"1676",1,1107,203,0
"1934",1,1107,203,0
"1680",1,1108,203,0
"1940",1,1108,203,0
"1686",1,1109,203,0
"1942",1,1109,203,0
"1684",1,1110,203,0
"1946",1,1110,203,0
"1690",1,1111,203,0
"1944",1,1111,203,0
"1692",1,1112,203,0
"1948",1,1112,203,0
"1688",1,1113,203,0
"1950",1,1113,203,0
"1694",1,1114,203,0
"1954",1,1114,203,0
"1696",1,1115,203,0
"1956",1,1115,203,0
"1698",1,1116,203,0
"1952",1,1116,203,0
"1706",1,1201,203,0
"1960",1,1201,203,0
"1704",1,1202,203,0
"1962",1,1202,203,0
"1702",1,1203,203,0
"1964",1,1203,203,0
"1700",1,1204,203,0
"1966",1,1204,203,0
"1710",1,1205,203,0
"1958",1,1205,203,0
"1714",1,1206,203,0
"1978",1,1206,203,0
"1708",1,1207,203,0
"1980",1,1207,203,0
"1712",1,1208,203,0
"1968",1,1208,203,0
"1720",1,1209,203,0
"1970",1,1209,203,0
"1718",1,1210,203,0
"1972",1,1210,203,0
"1716",1,1211,203,0
"1976",1,1211,203,0
"1726",1,1212,203,0
"1982",1,1212,203,0
"1722",1,1213,203,0
"1974",1,1213,203,0
"1728",1,1214,203,0
"1994",1,1214,203,0
"1730",1,1215,203,0
"1996",1,1215,203,0
"1724",1,1216,203,0
"1984",1,1216,203,0
"1802",1,2101,203,0
"2052",1,2101,203,0
"1800",1,2102,203,0
"2050",1,2102,203,0
"1806",1,2103,203,0
"2054",1,2103,203,0
"1808",1,2104,203,0
"2060",1,2104,203,0
"1798",1,2105,203,0
"2056",1,2105,203,0
"1796",1,2106,203,0
"2068",1,2106,203,0
"1804",1,2107,203,0
"2058",1,2107,203,0
"1810",1,2108,203,0
"2072",1,2108,203,0
"1814",1,2109,203,0
"2062",1,2109,203,0
"1812",1,2110,203,0
"2064",1,2110,203,0
"1816",1,2111,203,0
"2066",1,2111,203,0
"1818",1,2112,203,0
"2080",1,2112,203,0
"1822",1,2113,203,0
"2070",1,2113,203,0
"1820",1,2114,203,0
"2076",1,2114,203,0
"1824",1,2115,203,0
"2074",1,2115,203,0
"1826",1,2116,203,0
"2086",1,2116,203,0
"1834",1,2201,203,0
"2078",1,2201,203,0
"1828",1,2202,203,0
"2082",1,2202,203,0
"1836",1,2203,203,0
"2084",1,2203,203,0
"1838",1,2204,203,0
"2096",1,2204,203,0
"1830",1,2205,203,0
"2094",1,2205,203,0
"1842",1,2206,203,0
"2092",1,2206,203,0
"1832",1,2207,203,0
"2120",1,2207,203,0
"1840",1,2208,203,0
"2102",1,2208,203,0
"1844",1,2209,203,0
"2088",1,2209,203,0
"1852",1,2210,203,0
"2098",1,2210,203,0
"1846",1,2211,203,0
"2100",1,2211,203,0
"1856",1,2212,203,0
"2108",1,2212,203,0
"1848",1,2213,203,0
"2110",1,2213,203,0
"1858",1,2214,203,0
"2106",1,2214,203,0
"1850",1,2215,203,0
"2134",1,2215,203,0
"1854",1,2216,203,0
"2118",1,2216,203,0
"2309",1,1101,204,0
"2573",1,1101,204,0.00137622794136405
"2827",1,1101,204,0.00137622794136405
"2313",1,1102,204,0
"2569",1,1102,204,0.00130429479759187
"2823",1,1102,204,0.00130429479759187
"2311",1,1103,204,0
"2567",1,1103,204,0.0012189777335152
"2829",1,1103,204,0.0012189777335152
"2323",1,1104,204,0
"2571",1,1104,204,0.001265978673473
"2831",1,1104,204,0.001265978673473
"2321",1,1105,204,0
"2579",1,1105,204,0.0012193868169561
"2833",1,1105,204,0.0012193868169561
"2315",1,1106,204,0
"2575",1,1106,204,0.00107979471795261
"2825",1,1106,204,0.00107979471795261
"2317",1,1107,204,0
"2581",1,1107,204,0.00103739311452955
"2835",1,1107,204,0.00103739311452955
"2319",1,1108,204,0
"2577",1,1108,204,0.00119472201913595
"2837",1,1108,204,0.00119472201913595
"2325",1,1109,204,0
"2589",1,1109,204,0.00139681249856949
"2847",1,1109,204,0.00139681249856949
"2327",1,1110,204,0
"2585",1,1110,204,0.00133575638756156
"2851",1,1110,204,0.00133575638756156
"2329",1,1111,204,0
"2583",1,1111,204,0.00112267350777984
"2855",1,1111,204,0.00112267350777984
"2333",1,1112,204,0
"2587",1,1112,204,0.00118408619891852
"2849",1,1112,204,0.00118408619891852
"2331",1,1113,204,0
"2593",1,1113,204,0.00124560913536698
"2859",1,1113,204,0.00124560913536698
"2335",1,1114,204,0
"2591",1,1114,204,0.0013466018717736
"2857",1,1114,204,0.0013466018717736
"2337",1,1115,204,0
"2595",1,1115,204,0.00138370133936405
"2853",1,1115,204,0.00138370133936405
"2339",1,1116,204,0
"2597",1,1116,204,0.00150642194785178
"2861",1,1116,204,0.00150642194785178
"2341",1,1201,204,0
"2599",1,1201,204,0.0013301185099408
"2871",1,1201,204,0.0013301185099408
"2353",1,1202,204,0
"2605",1,1202,204,0.00116061198059469
"2873",1,1202,204,0.00116061198059469
"2355",1,1203,204,0
"2601",1,1203,204,0.00139756768476218
"2875",1,1203,204,0.00139756768476218
"2345",1,1204,204,0
"2607",1,1204,204,0.00124480144586414
"2881",1,1204,204,0.00124480144586414
"2343",1,1205,204,0
"2609",1,1205,204,0.00101667223498225
"2879",1,1205,204,0.00101667223498225
"2347",1,1206,204,0
"2613",1,1206,204,0.00126047199591994
"2883",1,1206,204,0.00126047199591994
"2349",1,1207,204,0
"2611",1,1207,204,0.00118405476678163
"2885",1,1207,204,0.00118405476678163
"2351",1,1208,204,0
"2603",1,1208,204,0.00102024374064058
"2877",1,1208,204,0.00102024374064058
"2357",1,1209,204,0
"2615",1,1209,204,0.00126292114146054
"2895",1,1209,204,0.00126292114146054
"2359",1,1210,204,0
"2619",1,1210,204,0.00125235877931118
"2897",1,1210,204,0.00125235877931118
"2361",1,1211,204,0
"2617",1,1211,204,0.0012180651538074
"2899",1,1211,204,0.0012180651538074
"2365",1,1212,204,0
"2623",1,1212,204,0.00112149876076728
"2903",1,1212,204,0.00112149876076728
"2363",1,1213,204,0
"2625",1,1213,204,0.00114929967094213
"2901",1,1213,204,0.00114929967094213
"2367",1,1214,204,0
"2629",1,1214,204,0.00139286858029664
"2905",1,1214,204,0.00139286858029664
"2369",1,1215,204,0
"2627",1,1215,204,0.00131676089949906
"2907",1,1215,204,0.00131676089949906
"2371",1,1216,204,0
"2621",1,1216,204,0.00141650019213557
"2909",1,1216,204,0.00141650019213557
"2437",1,2101,204,0
"2697",1,2101,204,0.00117089634295553
"2984",1,2101,204,0.00117089634295553
"2447",1,2102,204,0
"2699",1,2102,204,0.00127506209537387
"3012",1,2102,204,0.00127506209537387
"2451",1,2103,204,0
"2695",1,2103,204,0.00122354039922357
"3014",1,2103,204,0.00122354039922357
"2449",1,2104,204,0
"2701",1,2104,204,0.00126884737983346
"3036",1,2104,204,0.00126884737983346
"2439",1,2105,204,0
"2707",1,2105,204,0.00105255492962897
"3025",1,2105,204,0.00105255492962897
"2441",1,2106,204,0
"2709",1,2106,204,0.00113823381252587
"3029",1,2106,204,0.00113823381252587
"2443",1,2107,204,0
"2705",1,2107,204,0.00147455651313066
"3027",1,2107,204,0.00147455651313066
"2445",1,2108,204,0
"2703",1,2108,204,0.00115970987826586
"3034",1,2108,204,0.00115970987826586
"2453",1,2109,204,0
"2713",1,2109,204,0.00123106618411839
"2996",1,2109,204,0.00123106618411839
"2455",1,2110,204,0
"2715",1,2110,204,0.00127653055824339
"3031",1,2110,204,0.00127653055824339
"2461",1,2111,204,0
"2711",1,2111,204,0.0011727319797501
"3038",1,2111,204,0.0011727319797501
"2459",1,2112,204,0
"2717",1,2112,204,0.00114739069249481
"3056",1,2112,204,0.00114739069249481
"2457",1,2113,204,0
"2723",1,2113,204,0.00107078987639397
"3049",1,2113,204,0.00107078987639397
"2463",1,2114,204,0
"2719",1,2114,204,0.00116278848145157
"3051",1,2114,204,0.00116278848145157
"2465",1,2115,204,0
"2725",1,2115,204,0.0011329788248986
"3054",1,2115,204,0.0011329788248986
"2467",1,2116,204,0
"2721",1,2116,204,0.00141108792740852
"3058",1,2116,204,0.00141108792740852
"2471",1,2201,204,0
"2731",1,2201,204,0.00135590031277388
"3041",1,2201,204,0.00135590031277388
"2475",1,2202,204,0
"2735",1,2202,204,0.00126421125605702
"3060",1,2202,204,0.00126421125605702
"2481",1,2203,204,0
"2729",1,2203,204,0.00134353910107166
"3063",1,2203,204,0.00134353910107166
"2477",1,2204,204,0
"2741",1,2204,204,0.00115283962804824
"3083",1,2204,204,0.00115283962804824
"2479",1,2205,204,0
"2727",1,2205,204,0.00111519487109035
"3072",1,2205,204,0.00111519487109035
"2469",1,2206,204,0
"2733",1,2206,204,0.00109855411574244
"3076",1,2206,204,0.00109855411574244
"2483",1,2207,204,0
"2737",1,2207,204,0.00153852859511971
"3085",1,2207,204,0.00153852859511971
"2473",1,2208,204,0
"2739",1,2208,204,0.00104247499257326
"3087",1,2208,204,0.00104247499257326
"2485",1,2209,204,0
"2747",1,2209,204,0.00128303363453597
"3065",1,2209,204,0.00128303363453597
"2491",1,2210,204,0
"2755",1,2210,204,0.00117050833068788
"3080",1,2210,204,0.00117050833068788
"2497",1,2211,204,0
"2745",1,2211,204,0.00118110736366361
"3078",1,2211,204,0.00118110736366361
"2493",1,2212,204,0
"2753",1,2212,204,0.00134630291722715
"3103",1,2212,204,0.00134630291722715
"2495",1,2213,204,0
"2743",1,2213,204,0.00127060431987047
"3095",1,2213,204,0.00127060431987047
"2499",1,2214,204,0
"2749",1,2214,204,0.00128046912141144
"3099",1,2214,204,0.00128046912141144
"2487",1,2215,204,0
"2751",1,2215,204,0.00136991881299764
"3109",1,2215,204,0.00136991881299764
"2489",1,2216,204,0
"2757",1,2216,204,0.00157002685591578
"3113",1,2216,204,0.00157002685591578
"2310",1,1101,205,0
"2574",1,1101,205,0.00093349750386551
"2828",1,1101,205,0.00093349750386551
"2314",1,1102,205,0
"2570",1,1102,205,0.000901834049727768
"2824",1,1102,205,0.000901834049727768
"2312",1,1103,205,0
"2568",1,1103,205,0.000725438876543194
"2830",1,1103,205,0.000725438876543194
"2324",1,1104,205,0
"2572",1,1104,205,0.000842841574922204
"2832",1,1104,205,0.000842841574922204
"2322",1,1105,205,0
"2580",1,1105,205,0.000884225708432496
"2834",1,1105,205,0.000884225708432496
"2316",1,1106,205,0
"2576",1,1106,205,0.000820793851744384
"2826",1,1106,205,0.000820793851744384
"2318",1,1107,205,0
"2582",1,1107,205,0.000774474639911205
"2836",1,1107,205,0.000774474639911205
"2320",1,1108,205,0
"2578",1,1108,205,0.00084690866060555
"2838",1,1108,205,0.00084690866060555
"2326",1,1109,205,0
"2590",1,1109,205,0.000766618468333036
"2848",1,1109,205,0.000766618468333036
"2328",1,1110,205,0
"2586",1,1110,205,0.000674465205520391
"2852",1,1110,205,0.000674465205520391
"2330",1,1111,205,0
"2584",1,1111,205,0.000926789827644825
"2856",1,1111,205,0.000926789827644825
"2334",1,1112,205,0
"2588",1,1112,205,0.000665004190523177
"2850",1,1112,205,0.000665004190523177
"2332",1,1113,205,0
"2594",1,1113,205,0.000731480482500046
"2860",1,1113,205,0.000731480482500046
"2336",1,1114,205,0
"2592",1,1114,205,0.000682213925756514
"2858",1,1114,205,0.000682213925756514
"2338",1,1115,205,0
"2596",1,1115,205,0.000721093791071326
"2854",1,1115,205,0.000721093791071326
"2340",1,1116,205,0
"2598",1,1116,205,0.00067632703576237
"2862",1,1116,205,0.00067632703576237
"2342",1,1201,205,0
"2600",1,1201,205,0.000798053806647658
"2872",1,1201,205,0.000798053806647658
"2354",1,1202,205,0
"2606",1,1202,205,0.000913744210265577
"2874",1,1202,205,0.000913744210265577
"2356",1,1203,205,0
"2602",1,1203,205,0.000663344340864569
"2876",1,1203,205,0.000663344340864569
"2346",1,1204,205,0
"2608",1,1204,205,0.00085337512427941
"2882",1,1204,205,0.00085337512427941
"2344",1,1205,205,0
"2610",1,1205,205,0.000774065614677966
"2880",1,1205,205,0.000774065614677966
"2348",1,1206,205,0
"2614",1,1206,205,0.000925575732253492
"2884",1,1206,205,0.000925575732253492
"2350",1,1207,205,0
"2612",1,1207,205,0.000922531355172396
"2886",1,1207,205,0.000922531355172396
"2352",1,1208,205,0
"2604",1,1208,205,0.000604944536462426
"2878",1,1208,205,0.000604944536462426
"2358",1,1209,205,0
"2616",1,1209,205,0.000591655028983951
"2896",1,1209,205,0.000591655028983951
"2360",1,1210,205,0
"2620",1,1210,205,0.000724101497326046
"2898",1,1210,205,0.000724101497326046
"2362",1,1211,205,0
"2618",1,1211,205,0.000733984750695527
"2900",1,1211,205,0.000733984750695527
"2366",1,1212,205,0
"2624",1,1212,205,0.000537673651706427
"2904",1,1212,205,0.000537673651706427
"2364",1,1213,205,0
"2626",1,1213,205,0.000777089037001133
"2902",1,1213,205,0.000777089037001133
"2368",1,1214,205,0
"2630",1,1214,205,0.000861968204844743
"2906",1,1214,205,0.000861968204844743
"2370",1,1215,205,0
"2628",1,1215,205,0.000588988186791539
"2908",1,1215,205,0.000588988186791539
"2372",1,1216,205,0
"2622",1,1216,205,0.000525915587786585
"2910",1,1216,205,0.000525915587786585
"2438",1,2101,205,0
"2698",1,2101,205,0.000996478367596865
"2985",1,2101,205,0.000996478367596865
"2448",1,2102,205,0
"2700",1,2102,205,0.000836123421322554
"3013",1,2102,205,0.000836123421322554
"2452",1,2103,205,0
"2696",1,2103,205,0.000889622257091105
"3015",1,2103,205,0.000889622257091105
"2450",1,2104,205,0
"2702",1,2104,205,0.000914226693566889
"3037",1,2104,205,0.000914226693566889
"2440",1,2105,205,0
"2708",1,2105,205,0.00103202275931835
"3026",1,2105,205,0.00103202275931835
"2442",1,2106,205,0
"2710",1,2106,205,0.000775195774622262
"3030",1,2106,205,0.000775195774622262
"2444",1,2107,205,0
"2706",1,2107,205,0.00096765736816451
"3028",1,2107,205,0.00096765736816451
"2446",1,2108,205,0
"2704",1,2108,205,0.000822959817014635
"3035",1,2108,205,0.000822959817014635
"2454",1,2109,205,0
"2714",1,2109,205,0.000951035064645112
"2997",1,2109,205,0.000951035064645112
"2456",1,2110,205,0
"2716",1,2110,205,0.000796464737504721
"3032",1,2110,205,0.000796464737504721
"2462",1,2111,205,0
"2712",1,2111,205,0.000591411138884723
"3039",1,2111,205,0.000591411138884723
"2460",1,2112,205,0
"2718",1,2112,205,0.000788967765402049
"3057",1,2112,205,0.000788967765402049
"2458",1,2113,205,0
"2724",1,2113,205,0.000552699086256325
"3050",1,2113,205,0.000552699086256325
"2464",1,2114,205,0
"2720",1,2114,205,0.000832242541946471
"3052",1,2114,205,0.000832242541946471
"2466",1,2115,205,0
"2726",1,2115,205,0.000675700313877314
"3055",1,2115,205,0.000675700313877314
"2468",1,2116,205,0
"2722",1,2116,205,0.00061643251683563
"3059",1,2116,205,0.00061643251683563
"2472",1,2201,205,0
"2732",1,2201,205,0.000863218971062452
"3042",1,2201,205,0.000863218971062452
"2476",1,2202,205,0
"2736",1,2202,205,0.000663929095026106
"3061",1,2202,205,0.000663929095026106
"2482",1,2203,205,0
"2730",1,2203,205,0.000778455229010433
"3064",1,2203,205,0.000778455229010433
"2478",1,2204,205,0
"2742",1,2204,205,0.000868728326167911
"3084",1,2204,205,0.000868728326167911
"2480",1,2205,205,0
"2728",1,2205,205,0.00075207551708445
"3073",1,2205,205,0.00075207551708445
"2470",1,2206,205,0
"2734",1,2206,205,0.00116347544826567
"3077",1,2206,205,0.00116347544826567
"2484",1,2207,205,0
"2738",1,2207,205,0.000862180604599416
"3086",1,2207,205,0.000862180604599416
"2474",1,2208,205,0
"2740",1,2208,205,0.000673699541948736
"3088",1,2208,205,0.000673699541948736
"2486",1,2209,205,0
"2748",1,2209,205,0.000850078940857202
"3066",1,2209,205,0.000850078940857202
"2492",1,2210,205,0
"2756",1,2210,205,0.000795785570517182
"3081",1,2210,205,0.000795785570517182
"2498",1,2211,205,0
"2746",1,2211,205,0.000823473790660501
"3079",1,2211,205,0.000823473790660501
"2494",1,2212,205,0
"2754",1,2212,205,0.000646184431388974
"3104",1,2212,205,0.000646184431388974
"2496",1,2213,205,0
"2744",1,2213,205,0.000625778164248914
"3096",1,2213,205,0.000625778164248914
"2500",1,2214,205,0
"2750",1,2214,205,0.000703503843396902
"3100",1,2214,205,0.000703503843396902
"2488",1,2215,205,0
"2752",1,2215,205,0.000742855772841722
"3110",1,2215,205,0.000742855772841722
"2490",1,2216,205,0
"2758",1,2216,205,0.00065455719595775
"3114",1,2216,205,0.00065455719595775
"931",1,1101,300,0.47278705239296
"932",1,1102,300,0.451920628547668
"934",1,1103,300,0.442505538463593
"933",1,1104,300,0.449018985033035
"935",1,1105,300,0.441295772790909
"943",1,1106,300,0.434704154729843
"940",1,1107,300,0.425167679786682
"944",1,1108,300,0.430862247943878
"971",1,1109,300,0.41963866353035
"974",1,1110,300,0.413545370101929
"979",1,1111,300,0.411827117204666
"980",1,1112,300,0.397462159395218
"983",1,1113,300,0.388933539390564
"987",1,1114,300,0.378558605909348
"984",1,1115,300,0.383300572633743
"994",1,1116,300,0.381475120782852
"1011",1,1201,300,0.470429688692093
"1016",1,1202,300,0.462337046861649
"1021",1,1203,300,0.45370614528656
"1022",1,1204,300,0.441519796848297
"1023",1,1205,300,0.441622406244278
"1034",1,1206,300,0.431545078754425
"1037",1,1207,300,0.434115558862686
"1038",1,1208,300,0.429285764694214
"1051",1,1209,300,0.42576801776886
"1054",1,1210,300,0.408757090568542
"1061",1,1211,300,0.408568531274796
"1062",1,1212,300,0.39465257525444
"1065",1,1213,300,0.385114341974258
"1076",1,1214,300,0.38912633061409
"1077",1,1215,300,0.386290073394775
"1082",1,1216,300,0.396492719650269
"1091",1,2101,300,0.469668477773666
"1096",1,2102,300,0.466879904270172
"1101",1,2103,300,0.459788888692856
"1102",1,2104,300,0.450378686189651
"1107",1,2105,300,0.441106110811234
"1117",1,2106,300,0.432838499546051
"1116",1,2107,300,0.439169079065323
"1126",1,2108,300,0.430994004011154
"1131",1,2109,300,0.431553930044174
"1136",1,2110,300,0.415400564670563
"1141",1,2111,300,0.408346563577652
"1146",1,2112,300,0.39866578578949
"1147",1,2113,300,0.393587023019791
"1156",1,2114,300,0.391587108373642
"1157",1,2115,300,0.383499085903168
"1169",1,2116,300,0.393862396478653
"1158",1,2201,300,0.474677860736847
"1176",1,2202,300,0.46758508682251
"1181",1,2203,300,0.45556765794754
"1186",1,2204,300,0.451509237289429
"1189",1,2205,300,0.448279410600662
"1196",1,2206,300,0.445438742637634
"1197",1,2207,300,0.441833674907684
"1211",1,2208,300,0.442521721124649
"1198",1,2209,300,0.430647313594818
"1214",1,2210,300,0.42437469959259
"1221",1,2211,300,0.401881605386734
"1226",1,2212,300,0.410031408071518
"1229",1,2213,300,0.397344201803207
"1241",1,2214,300,0.397240340709686
"1244",1,2215,300,0.392342448234558
"1256",1,2216,300,0.401040226221085
"2839",1,1101,302,0.463421374559402
"2841",1,1102,302,0.442611753940582
"2846",1,1103,302,0.432356148958206
"2840",1,1104,302,0.438734203577042
"2845",1,1105,302,0.429103195667267
"2843",1,1106,302,0.4235620200634
"2842",1,1107,302,0.415276348590851
"2844",1,1108,302,0.42018586397171
"2863",1,1109,302,0.408732891082764
"2864",1,1110,302,0.401331752538681
"2865",1,1111,302,0.399471193552017
"2868",1,1112,302,0.384932368993759
"2867",1,1113,302,0.377657979726791
"2869",1,1114,302,0.368145525455475
"2870",1,1115,302,0.370457738637924
"2866",1,1116,302,0.368328213691711
"2888",1,1201,302,0.460335582494736
"2887",1,1202,302,0.452163279056549
"2889",1,1203,302,0.444104582071304
"2892",1,1204,302,0.431421726942062
"2890",1,1205,302,0.430434733629227
"2891",1,1206,302,0.422091037034988
"2893",1,1207,302,0.424325287342072
"2894",1,1208,302,0.419474869966507
"2911",1,1209,302,0.41539192199707
"2913",1,1210,302,0.398928999900818
"2912",1,1211,302,0.397035598754883
"2916",1,1212,302,0.383381992578506
"2914",1,1213,302,0.371714979410172
"2915",1,1214,302,0.377264887094498
"2919",1,1215,302,0.373857736587524
"2920",1,1216,302,0.383471041917801
"2992",1,2101,302,0.459967136383057
"3023",1,2102,302,0.456271976232529
"3033",1,2103,302,0.451286852359772
"3048",1,2104,302,0.440961241722107
"3043",1,2105,302,0.430517584085464
"3044",1,2106,302,0.422327280044556
"3045",1,2107,302,0.428627461194992
"3047",1,2108,302,0.420942008495331
"3016",1,2109,302,0.419179916381836
"3046",1,2110,302,0.406919151544571
"3053",1,2111,302,0.396270930767059
"3074",1,2112,302,0.387396961450577
"3067",1,2113,302,0.381295174360275
"3068",1,2114,302,0.379633963108063
"3071",1,2115,302,0.37024998664856
"3075",1,2116,302,0.380374908447266
"3062",1,2201,302,0.462557852268219
"3070",1,2202,302,0.458157807588577
"3069",1,2203,302,0.444721817970276
"3094",1,2204,302,0.441471099853516
"3091",1,2205,302,0.436475038528442
"3092",1,2206,302,0.434853971004486
"3098",1,2207,302,0.431277394294739
"3102",1,2208,302,0.432997643947601
"3082",1,2209,302,0.420399278402328
"3097",1,2210,302,0.41307145357132
"3093",1,2211,302,0.391613095998764
"3122",1,2212,302,0.397359192371368
"3115",1,2213,302,0.384926110506058
"3116",1,2214,302,0.384893774986267
"3132",1,2215,302,0.379411101341248
"3126",1,2216,302,0.387816876173019
"1",1,1101,400,0
"1539",1,1101,400,0
"2181",1,1101,400,0
"2",1,1102,400,0
"1540",1,1102,400,0
"2182",1,1102,400,0
"3",1,1103,400,0
"1541",1,1103,400,0
"2183",1,1103,400,0
"4",1,1104,400,0
"1542",1,1104,400,0
"2184",1,1104,400,0
"5",1,1105,400,0
"1543",1,1105,400,0
"2185",1,1105,400,0
"6",1,1106,400,0
"1544",1,1106,400,0
"2186",1,1106,400,0
"7",1,1107,400,0
"1545",1,1107,400,0
"2187",1,1107,400,0
"8",1,1108,400,0
"1546",1,1108,400,0
"2188",1,1108,400,0
"9",1,1109,400,0
"1547",1,1109,400,0
"2189",1,1109,400,0
"10",1,1110,400,0
"1548",1,1110,400,0
"2190",1,1110,400,0
"11",1,1111,400,0
"1549",1,1111,400,0
"2191",1,1111,400,0
"12",1,1112,400,0
"1550",1,1112,400,0
"2192",1,1112,400,0
"13",1,1113,400,0
"1551",1,1113,400,0
"2193",1,1113,400,0
"14",1,1114,400,0
"1552",1,1114,400,0
"2194",1,1114,400,0
"15",1,1115,400,0
"1553",1,1115,400,0
"2195",1,1115,400,0
"16",1,1116,400,0
"1554",1,1116,400,0
"2196",1,1116,400,0
"17",1,1201,400,0
"1555",1,1201,400,0
"2197",1,1201,400,0
"18",1,1202,400,0
"1556",1,1202,400,0
"2198",1,1202,400,0
"19",1,1203,400,0
"1557",1,1203,400,0
"2199",1,1203,400,0
"20",1,1204,400,0
"1558",1,1204,400,0
"2200",1,1204,400,0
"21",1,1205,400,0
"1559",1,1205,400,0
"2201",1,1205,400,0
"22",1,1206,400,0
"1560",1,1206,400,0
"2202",1,1206,400,0
"23",1,1207,400,0
"1561",1,1207,400,0
"2203",1,1207,400,0
"24",1,1208,400,0
"1562",1,1208,400,0
"2204",1,1208,400,0
"25",1,1209,400,0
"1563",1,1209,400,0
"2205",1,1209,400,0
"26",1,1210,400,0
"1564",1,1210,400,0
"2206",1,1210,400,0
"27",1,1211,400,0
"1565",1,1211,400,0
"2207",1,1211,400,0
"28",1,1212,400,0
"1566",1,1212,400,0
"2208",1,1212,400,0
"29",1,1213,400,0
"1567",1,1213,400,0
"2209",1,1213,400,0
"30",1,1214,400,0
"1568",1,1214,400,0
"2210",1,1214,400,0
"31",1,1215,400,0
"1569",1,1215,400,0
"2211",1,1215,400,0
"32",1,1216,400,0
"1570",1,1216,400,0
"2212",1,1216,400,0
"33",1,2101,400,0
"1571",1,2101,400,0
"2213",1,2101,400,0
"34",1,2102,400,0
"1572",1,2102,400,0
"2214",1,2102,400,0
"35",1,2103,400,0
"1573",1,2103,400,0
"2215",1,2103,400,0
"36",1,2104,400,0
"1574",1,2104,400,0
"2216",1,2104,400,0
"37",1,2105,400,0
"1575",1,2105,400,0
"2217",1,2105,400,0
"38",1,2106,400,0
"1576",1,2106,400,0
"2218",1,2106,400,0
"39",1,2107,400,0
"1577",1,2107,400,0
"2219",1,2107,400,0
"40",1,2108,400,0
"1578",1,2108,400,0
"2220",1,2108,400,0
"41",1,2109,400,0
"1579",1,2109,400,0
"2221",1,2109,400,0
"42",1,2110,400,0
"1580",1,2110,400,0
"2222",1,2110,400,0
"43",1,2111,400,0
"1581",1,2111,400,0
"2223",1,2111,400,0
"44",1,2112,400,0
"1582",1,2112,400,0
"2224",1,2112,400,0
"45",1,2113,400,0
"1583",1,2113,400,0
"2225",1,2113,400,0
"46",1,2114,400,0
"1584",1,2114,400,0
"2226",1,2114,400,0
"47",1,2115,400,0
"1585",1,2115,400,0
"2227",1,2115,400,0
"48",1,2116,400,0
"1586",1,2116,400,0
"2228",1,2116,400,0
"49",1,2201,400,0
"1587",1,2201,400,0
"2229",1,2201,400,0
"50",1,2202,400,0
"1588",1,2202,400,0
"2230",1,2202,400,0
"51",1,2203,400,0
"1589",1,2203,400,0
"2231",1,2203,400,0
"52",1,2204,400,0
"1590",1,2204,400,0
"2232",1,2204,400,0
"53",1,2205,400,0
"1591",1,2205,400,0
"2233",1,2205,400,0
"54",1,2206,400,0
"1592",1,2206,400,0
"2234",1,2206,400,0
"55",1,2207,400,0
"1593",1,2207,400,0
"2235",1,2207,400,0
"56",1,2208,400,0
"1594",1,2208,400,0
"2236",1,2208,400,0
"57",1,2209,400,0
"1595",1,2209,400,0
"2237",1,2209,400,0
"58",1,2210,400,0
"1596",1,2210,400,0
"2238",1,2210,400,0
"59",1,2211,400,0
"1597",1,2211,400,0
"2239",1,2211,400,0
"60",1,2212,400,0
"1598",1,2212,400,0
"2240",1,2212,400,0
"61",1,2213,400,0
"1599",1,2213,400,0
"2241",1,2213,400,0
"62",1,2214,400,0
"1600",1,2214,400,0
"2242",1,2214,400,0
"63",1,2215,400,0
"1601",1,2215,400,0
"2243",1,2215,400,0
"64",1,2216,400,0
"1602",1,2216,400,0
"2244",1,2216,400,0
"255",2,1101,100,833144.75
"257",2,1102,100,853298.5625
"251",2,1103,100,876893
"275",2,1104,100,902328.4375
"267",2,1105,100,926175.6875
"261",2,1106,100,946220.4375
"263",2,1107,100,964523.9375
"277",2,1108,100,977557.625
"273",2,1109,100,990563.125
"271",2,1110,100,1015894.0625
"265",2,1111,100,1052900.625
"301",2,1112,100,1081661.375
"283",2,1113,100,1106895.5
"281",2,1114,100,1125833
"285",2,1115,100,1137865.625
"295",2,1116,100,1148186.125
"289",2,1201,100,818816.625
"287",2,1202,100,838866.625
"279",2,1203,100,859706.5625
"319",2,1204,100,884126
"297",2,1205,100,908564.5625
"291",2,1206,100,929635.0625
"293",2,1207,100,947752.0625
"309",2,1208,100,964477.0625
"305",2,1209,100,979204.8125
"303",2,1210,100,995691.625
"299",2,1211,100,1027259
"333",2,1212,100,1059439.25
"321",2,1213,100,1087125
"307",2,1214,100,1104425
"311",2,1215,100,1122398.625
"327",2,1216,100,1137687.75
"313",2,2101,100,835219.0625
"317",2,2102,100,855484
"315",2,2103,100,878633.3125
"349",2,2104,100,905599.25
"335",2,2105,100,928832.625
"323",2,2106,100,947541.3125
"325",2,2107,100,967785.375
"341",2,2108,100,985644.375
"329",2,2109,100,998358.625
"331",2,2110,100,1026646.5
"337",2,2111,100,1062630.125
"365",2,2112,100,1091583.25
"351",2,2113,100,1113735.375
"339",2,2114,100,1139177.375
"347",2,2115,100,1155626.75
"361",2,2116,100,1167224.25
"345",2,2201,100,821826
"343",2,2202,100,841239.875
"355",2,2203,100,861462.4375
"371",2,2204,100,887496.125
"367",2,2205,100,910406.1875
"353",2,2206,100,931837.4375
"363",2,2207,100,951898.25
"375",2,2208,100,967756.1875
"359",2,2209,100,983394.375
"357",2,2210,100,1002321.5
"373",2,2211,100,1039246.125
"381",2,2212,100,1068273.25
"379",2,2213,100,1097685.75
"369",2,2214,100,1123450
"377",2,2215,100,1142927.75
"383",2,2216,100,1158285.375
"1209",2,1101,101,785136.375
"1219",2,1102,101,802592
"1224",2,1103,101,820346.125
"1230",2,1104,101,841875.5625
"1235",2,1105,101,847109.3125
"1245",2,1106,101,876123.8125
"1252",2,1107,101,889181.875
"1259",2,1108,101,897090.5625
"1239",2,1109,101,905389.5
"1254",2,1110,101,926124.3125
"1265",2,1111,101,951373.125
"1272",2,1112,101,967566.9375
"1279",2,1113,101,982043.75
"1288",2,1114,101,992997.875
"1293",2,1115,101,993852.75
"1303",2,1116,101,1001754.875
"1284",2,1201,101,774509.6875
"1297",2,1202,101,791951.6875
"1309",2,1203,101,809501
"1316",2,1204,101,829367.25
"1324",2,1205,101,830056.625
"1334",2,1206,101,863949.25
"1339",2,1207,101,878670.4375
"1349",2,1208,101,889931.875
"1319",2,1209,101,899268.3125
"1329",2,1210,101,913211
"1343",2,1211,101,935559.3125
"1353",2,1212,101,955786.375
"1364",2,1213,101,972779.5
"1374",2,1214,101,979460.75
"1379",2,1215,101,988280.9375
"1386",2,1216,101,997867.1875
"1358",2,2101,101,787539.1875
"1372",2,2102,101,807132.9375
"1388",2,2103,101,826746.5625
"1398",2,2104,101,848666.9375
"1404",2,2105,101,858627.4375
"1414",2,2106,101,881932.3125
"1424",2,2107,101,898053.75
"1429",2,2108,101,911445
"1393",2,2109,101,918681.5625
"1409",2,2110,101,939625.25
"1422",2,2111,101,965413.8125
"1437",2,2112,101,983478.3125
"1443",2,2113,101,997674.9375
"1454",2,2114,101,1011898.125
"1460",2,2115,101,1017763.5625
"1473",2,2116,101,1020965.5625
"1433",2,2201,101,780666
"1449",2,2202,101,797187.4375
"1466",2,2203,101,814341.5625
"1477",2,2204,101,835971.5
"1488",2,2205,101,837213.8125
"1495",2,2206,101,872093.3125
"1504",2,2207,101,887563.5625
"1514",2,2208,101,900598.875
"1468",2,2209,101,908931.1875
"1484",2,2210,101,922885
"1500",2,2211,101,952035.6875
"1509",2,2212,101,970074
"1518",2,2213,101,989268.375
"1525",2,2214,101,1003920.0625
"1530",2,2215,101,1013208
"1535",2,2216,101,1019841.3125
"256",2,1101,102,2399457
"258",2,1102,102,2457500
"252",2,1103,102,2525452
"276",2,1104,102,2598706
"268",2,1105,102,2667386
"262",2,1106,102,2725115
"264",2,1107,102,2777829
"278",2,1108,102,2815366
"274",2,1109,102,2852822
"272",2,1110,102,2925775
"266",2,1111,102,3032354
"302",2,1112,102,3115185
"284",2,1113,102,3187859
"282",2,1114,102,3242399
"286",2,1115,102,3277053
"296",2,1116,102,3306776
"290",2,1201,102,2358192
"288",2,1202,102,2415936
"280",2,1203,102,2475955
"320",2,1204,102,2546283
"298",2,1205,102,2616666
"292",2,1206,102,2677349
"294",2,1207,102,2729526
"310",2,1208,102,2777694
"306",2,1209,102,2820110
"304",2,1210,102,2867592
"300",2,1211,102,2958506
"334",2,1212,102,3051185
"322",2,1213,102,3130920
"308",2,1214,102,3180744
"312",2,1215,102,3232508
"328",2,1216,102,3276541
"314",2,2101,102,2405431
"318",2,2102,102,2463794
"316",2,2103,102,2530464
"350",2,2104,102,2608126
"336",2,2105,102,2675038
"324",2,2106,102,2728919
"326",2,2107,102,2787222
"342",2,2108,102,2838656
"330",2,2109,102,2875273
"332",2,2110,102,2956742
"338",2,2111,102,3060375
"366",2,2112,102,3143760
"352",2,2113,102,3207558
"340",2,2114,102,3280831
"348",2,2115,102,3328205
"362",2,2116,102,3361606
"346",2,2201,102,2366859
"344",2,2202,102,2422771
"356",2,2203,102,2481012
"372",2,2204,102,2555989
"368",2,2205,102,2621970
"354",2,2206,102,2683692
"364",2,2207,102,2741467
"376",2,2208,102,2787138
"360",2,2209,102,2832176
"358",2,2210,102,2886686
"374",2,2211,102,2993029
"382",2,2212,102,3076627
"380",2,2213,102,3161335
"370",2,2214,102,3235536
"378",2,2215,102,3291632
"384",2,2216,102,3335862
"1210",2,1101,103,2261193
"1220",2,1102,103,2311465
"1225",2,1103,103,2362597
"1231",2,1104,103,2424602
"1236",2,1105,103,2439675
"1246",2,1106,103,2523237
"1253",2,1107,103,2560844
"1260",2,1108,103,2583621
"1240",2,1109,103,2607522
"1255",2,1110,103,2667238
"1266",2,1111,103,2739955
"1273",2,1112,103,2786593
"1280",2,1113,103,2828286
"1289",2,1114,103,2859834
"1294",2,1115,103,2862296
"1304",2,1116,103,2885054
"1285",2,1201,103,2230588
"1298",2,1202,103,2280821
"1310",2,1203,103,2331363
"1317",2,1204,103,2388578
"1325",2,1205,103,2390563
"1335",2,1206,103,2488174
"1340",2,1207,103,2530571
"1350",2,1208,103,2563004
"1320",2,1209,103,2589893
"1330",2,1210,103,2630048
"1344",2,1211,103,2694411
"1354",2,1212,103,2752665
"1365",2,1213,103,2801605
"1375",2,1214,103,2820847
"1380",2,1215,103,2846249
"1387",2,1216,103,2873858
"1359",2,2101,103,2268113
"1373",2,2102,103,2324543
"1389",2,2103,103,2381030
"1399",2,2104,103,2444161
"1405",2,2105,103,2472847
"1415",2,2106,103,2539965
"1425",2,2107,103,2586395
"1430",2,2108,103,2624962
"1394",2,2109,103,2645803
"1410",2,2110,103,2706121
"1423",2,2111,103,2780392
"1438",2,2112,103,2832418
"1444",2,2113,103,2873304
"1455",2,2114,103,2914267
"1461",2,2115,103,2931159
"1474",2,2116,103,2940381
"1434",2,2201,103,2248318
"1450",2,2202,103,2295900
"1467",2,2203,103,2345304
"1478",2,2204,103,2407598
"1489",2,2205,103,2411176
"1496",2,2206,103,2511629
"1505",2,2207,103,2556183
"1515",2,2208,103,2593725
"1469",2,2209,103,2617722
"1485",2,2210,103,2657909
"1501",2,2211,103,2741863
"1510",2,2212,103,2793813
"1519",2,2213,103,2849093
"1526",2,2214,103,2891290
"1531",2,2215,103,2918039
"1536",2,2216,103,2937143
"449",2,1101,200,0
"641",2,1101,200,0
"711",2,1101,200,0.00120089610572904
"1207",2,1101,200,0.00120089610572904
"453",2,1102,200,0
"707",2,1102,200,0.00125453388318419
"1217",2,1102,200,0.00125453388318419
"459",2,1103,200,0
"721",2,1103,200,0.00108971388544887
"1222",2,1103,200,0.00108971388544887
"457",2,1104,200,0
"715",2,1104,200,0.00116490584332496
"1227",2,1104,200,0.00116490584332496
"451",2,1105,200,0
"719",2,1105,200,0.0011145209427923
"1233",2,1105,200,0.0011145209427923
"463",2,1106,200,0
"717",2,1106,200,0.00101837073452771
"1242",2,1106,200,0.00101837073452771
"461",2,1107,200,0
"709",2,1107,200,0.00120054406579584
"1248",2,1107,200,0.00120054406579584
"455",2,1108,200,0
"713",2,1108,200,0.00118464801926166
"1257",2,1108,200,0.00118464801926166
"471",2,1109,200,0
"725",2,1109,200,0.00115697563160211
"1237",2,1109,200,0.00115697563160211
"465",2,1110,200,0
"731",2,1110,200,0.000901158782653511
"1250",2,1110,200,0.000901158782653511
"469",2,1111,200,0
"723",2,1111,200,0.00104054575785995
"1263",2,1111,200,0.00104054575785995
"467",2,1112,200,0
"727",2,1112,200,0.000827693613246083
"1270",2,1112,200,0.000827693613246083
"475",2,1113,200,0
"735",2,1113,200,0.000974161841440946
"1276",2,1113,200,0.000974161841440946
"473",2,1114,200,0
"737",2,1114,200,0.00130385940428823
"1286",2,1114,200,0.00130385940428823
"479",2,1115,200,0
"729",2,1115,200,0.00117351207882166
"1291",2,1115,200,0.00117351207882166
"477",2,1116,200,0
"733",2,1116,200,0.00107322598341852
"1301",2,1116,200,0.00107322598341852
"483",2,1201,200,0
"741",2,1201,200,0.00127015390899032
"1282",2,1201,200,0.00127015390899032
"485",2,1202,200,0
"739",2,1202,200,0.00135428959038109
"1295",2,1202,200,0.00135428959038109
"481",2,1203,200,0
"745",2,1203,200,0.0011557909892872
"1307",2,1203,200,0.0011557909892872
"491",2,1204,200,0
"743",2,1204,200,0.001212416915223
"1312",2,1204,200,0.001212416915223
"487",2,1205,200,0
"751",2,1205,200,0.00123858614824712
"1322",2,1205,200,0.00123858614824712
"495",2,1206,200,0
"747",2,1206,200,0.00124066090211272
"1331",2,1206,200,0.00124066090211272
"493",2,1207,200,0
"753",2,1207,200,0.000948784523643553
"1337",2,1207,200,0.000948784523643553
"489",2,1208,200,0
"749",2,1208,200,0.0011321974452585
"1346",2,1208,200,0.0011321974452585
"503",2,1209,200,0
"755",2,1209,200,0.00108763517346233
"1314",2,1209,200,0.00108763517346233
"497",2,1210,200,0
"757",2,1210,200,0.00102860142942518
"1326",2,1210,200,0.00102860142942518
"501",2,1211,200,0
"759",2,1211,200,0.0010635027429089
"1341",2,1211,200,0.0010635027429089
"499",2,1212,200,0
"761",2,1212,200,0.0010799978626892
"1351",2,1212,200,0.0010799978626892
"507",2,1213,200,0
"769",2,1213,200,0.00106853933539242
"1361",2,1213,200,0.00106853933539242
"505",2,1214,200,0
"763",2,1214,200,0.00116499373689294
"1369",2,1214,200,0.00116499373689294
"511",2,1215,200,0
"767",2,1215,200,0.00137038622051477
"1377",2,1215,200,0.00137038622051477
"509",2,1216,200,0
"765",2,1216,200,0.00129271170590073
"1382",2,1216,200,0.00129271170590073
"579",2,2101,200,0
"837",2,2101,200,0.00131494167726487
"1356",2,2101,200,0.00131494167726487
"577",2,2102,200,0
"843",2,2102,200,0.00135973410215229
"1367",2,2102,200,0.00135973410215229
"587",2,2103,200,0
"835",2,2103,200,0.00115976831875741
"1384",2,2103,200,0.00115976831875741
"585",2,2104,200,0
"845",2,2104,200,0.00102752365637571
"1396",2,2104,200,0.00102752365637571
"581",2,2105,200,0
"847",2,2105,200,0.00128398358356208
"1402",2,2105,200,0.00128398358356208
"591",2,2106,200,0
"849",2,2106,200,0.00102867349050939
"1412",2,2106,200,0.00102867349050939
"589",2,2107,200,0
"839",2,2107,200,0.00112097430974245
"1420",2,2107,200,0.00112097430974245
"583",2,2108,200,0
"841",2,2108,200,0.00106570473872125
"1426",2,2108,200,0.00106570473872125
"593",2,2109,200,0
"851",2,2109,200,0.00109061144758016
"1391",2,2109,200,0.00109061144758016
"595",2,2110,200,0
"853",2,2110,200,0.00100603245664388
"1406",2,2110,200,0.00100603245664388
"597",2,2111,200,0
"857",2,2111,200,0.000995904090814292
"1417",2,2111,200,0.000995904090814292
"603",2,2112,200,0
"855",2,2112,200,0.00104144052602351
"1435",2,2112,200,0.00104144052602351
"599",2,2113,200,0
"861",2,2113,200,0.00108239008113742
"1441",2,2113,200,0.00108239008113742
"607",2,2114,200,0
"865",2,2114,200,0.00112578016705811
"1452",2,2114,200,0.00112578016705811
"605",2,2115,200,0
"863",2,2115,200,0.00116797583177686
"1458",2,2115,200,0.00116797583177686
"601",2,2116,200,0
"859",2,2116,200,0.0012027946067974
"1471",2,2116,200,0.0012027946067974
"619",2,2201,200,0
"867",2,2201,200,0.00117072067223489
"1431",2,2201,200,0.00117072067223489
"611",2,2202,200,0
"871",2,2202,200,0.00111819209996611
"1447",2,2202,200,0.00111819209996611
"617",2,2203,200,0
"875",2,2203,200,0.0012152724666521
"1462",2,2203,200,0.0012152724666521
"615",2,2204,200,0
"877",2,2204,200,0.0012524479534477
"1475",2,2204,200,0.0012524479534477
"609",2,2205,200,0
"879",2,2205,200,0.00122298509813845
"1486",2,2205,200,0.00122298509813845
"623",2,2206,200,0
"873",2,2206,200,0.00121073075570166
"1492",2,2206,200,0.00121073075570166
"621",2,2207,200,0
"869",2,2207,200,0.00113602913916111
"1502",2,2207,200,0.00113602913916111
"613",2,2208,200,0
"881",2,2208,200,0.00113380944821984
"1511",2,2208,200,0.00113380944821984
"625",2,2209,200,0
"883",2,2209,200,0.00110281328670681
"1464",2,2209,200,0.00110281328670681
"631",2,2210,200,0
"885",2,2210,200,0.00113529292866588
"1481",2,2210,200,0.00113529292866588
"637",2,2211,200,0
"887",2,2211,200,0.00104019499849528
"1498",2,2211,200,0.00104019499849528
"635",2,2212,200,0
"893",2,2212,200,0.00107705837581307
"1506",2,2212,200,0.00107705837581307
"629",2,2213,200,0
"889",2,2213,200,0.0011067355517298
"1516",2,2213,200,0.0011067355517298
"627",2,2214,200,0
"897",2,2214,200,0.00102554657496512
"1523",2,2214,200,0.00102554657496512
"639",2,2215,200,0
"895",2,2215,200,0.00112891243770719
"1528",2,2215,200,0.00112891243770719
"633",2,2216,200,0
"891",2,2216,200,0.00126047059893608
"1533",2,2216,200,0.00126047059893608
"450",2,1101,201,0
"642",2,1101,201,0
"712",2,1101,201,0.00089497392764315
"1208",2,1101,201,0.00089497392764315
"454",2,1102,201,0
"708",2,1102,201,0.000867448979988694
"1218",2,1102,201,0.000867448979988694
"460",2,1103,201,0
"722",2,1103,201,0.000870377058163285
"1223",2,1103,201,0.000870377058163285
"458",2,1104,201,0
"716",2,1104,201,0.000772572588175535
"1228",2,1104,201,0.000772572588175535
"452",2,1105,201,0
"720",2,1105,201,0.000829630764201283
"1234",2,1105,201,0.000829630764201283
"464",2,1106,201,0
"718",2,1106,201,0.000842311885207891
"1243",2,1106,201,0.000842311885207891
"462",2,1107,201,0
"710",2,1107,201,0.00066202727612108
"1249",2,1107,201,0.00066202727612108
"456",2,1108,201,0
"714",2,1108,201,0.000775179418269545
"1258",2,1108,201,0.000775179418269545
"472",2,1109,201,0
"726",2,1109,201,0.000762485491577536
"1238",2,1109,201,0.000762485491577536
"466",2,1110,201,0
"732",2,1110,201,0.000738679489586502
"1251",2,1110,201,0.000738679489586502
"470",2,1111,201,0
"724",2,1111,201,0.000711400702130049
"1264",2,1111,201,0.000711400702130049
"468",2,1112,201,0
"728",2,1112,201,0.000665684987325221
"1271",2,1112,201,0.000665684987325221
"476",2,1113,201,0
"736",2,1113,201,0.000777884910348803
"1277",2,1113,201,0.000777884910348803
"474",2,1114,201,0
"738",2,1114,201,0.000477632012916729
"1287",2,1114,201,0.000477632012916729
"480",2,1115,201,0
"730",2,1115,201,0.000535510014742613
"1292",2,1115,201,0.000535510014742613
"478",2,1116,201,0
"734",2,1116,201,0.000619370257481933
"1302",2,1116,201,0.000619370257481933
"484",2,1201,201,0
"742",2,1201,201,0.000850936747156084
"1283",2,1201,201,0.000850936747156084
"486",2,1202,201,0
"740",2,1202,201,0.000854292244184762
"1296",2,1202,201,0.000854292244184762
"482",2,1203,201,0
"746",2,1203,201,0.000841466884594411
"1308",2,1203,201,0.000841466884594411
"492",2,1204,201,0
"744",2,1204,201,0.000835865153931081
"1313",2,1204,201,0.000835865153931081
"488",2,1205,201,0
"752",2,1205,201,0.000864590110722929
"1323",2,1205,201,0.000864590110722929
"496",2,1206,201,0
"748",2,1206,201,0.0007412243867293
"1332",2,1206,201,0.0007412243867293
"494",2,1207,201,0
"754",2,1207,201,0.000846294104121625
"1338",2,1207,201,0.000846294104121625
"490",2,1208,201,0
"750",2,1208,201,0.000835640297736973
"1347",2,1208,201,0.000835640297736973
"504",2,1209,201,0
"756",2,1209,201,0.000783298804890364
"1315",2,1209,201,0.000783298804890364
"498",2,1210,201,0
"758",2,1210,201,0.000836598395835608
"1327",2,1210,201,0.000836598395835608
"502",2,1211,201,0
"760",2,1211,201,0.000812819285783917
"1342",2,1211,201,0.000812819285783917
"500",2,1212,201,0
"762",2,1212,201,0.000769605860114098
"1352",2,1212,201,0.000769605860114098
"508",2,1213,201,0
"770",2,1213,201,0.000668151187710464
"1362",2,1213,201,0.000668151187710464
"506",2,1214,201,0
"764",2,1214,201,0.00070094654802233
"1370",2,1214,201,0.00070094654802233
"512",2,1215,201,0
"768",2,1215,201,0.00061715068295598
"1378",2,1215,201,0.00061715068295598
"510",2,1216,201,0
"766",2,1216,201,0.000595466757658869
"1383",2,1216,201,0.000595466757658869
"580",2,2101,201,0
"838",2,2101,201,0.000792916514910758
"1357",2,2101,201,0.000792916514910758
"578",2,2102,201,0
"844",2,2102,201,0.00101365963928401
"1368",2,2102,201,0.00101365963928401
"588",2,2103,201,0
"836",2,2103,201,0.000854709185659885
"1385",2,2103,201,0.000854709185659885
"586",2,2104,201,0
"846",2,2104,201,0.00092223339015618
"1397",2,2104,201,0.00092223339015618
"582",2,2105,201,0
"848",2,2105,201,0.000682072655763477
"1403",2,2105,201,0.000682072655763477
"592",2,2106,201,0
"850",2,2106,201,0.000970403198152781
"1413",2,2106,201,0.000970403198152781
"590",2,2107,201,0
"840",2,2107,201,0.000777397479396313
"1421",2,2107,201,0.000777397479396313
"584",2,2108,201,0
"842",2,2108,201,0.000772489001974463
"1427",2,2108,201,0.000772489001974463
"594",2,2109,201,0
"852",2,2109,201,0.000710879568941891
"1392",2,2109,201,0.000710879568941891
"596",2,2110,201,0
"854",2,2110,201,0.000809104589279741
"1407",2,2110,201,0.000809104589279741
"598",2,2111,201,0
"858",2,2111,201,0.000663754064589739
"1418",2,2111,201,0.000663754064589739
"604",2,2112,201,0
"856",2,2112,201,0.000757044355850667
"1436",2,2112,201,0.000757044355850667
"600",2,2113,201,0
"862",2,2113,201,0.000561149267014116
"1442",2,2113,201,0.000561149267014116
"608",2,2114,201,0
"866",2,2114,201,0.000705125741660595
"1453",2,2114,201,0.000705125741660595
"606",2,2115,201,0
"864",2,2115,201,0.000706398801412433
"1459",2,2115,201,0.000706398801412433
"602",2,2116,201,0
"860",2,2116,201,0.000583996472414583
"1472",2,2116,201,0.000583996472414583
"620",2,2201,201,0
"868",2,2201,201,0.000967769476119429
"1432",2,2201,201,0.000967769476119429
"612",2,2202,201,0
"872",2,2202,201,0.000928753579501063
"1448",2,2202,201,0.000928753579501063
"618",2,2203,201,0
"876",2,2203,201,0.000890410563442856
"1463",2,2203,201,0.000890410563442856
"616",2,2204,201,0
"878",2,2204,201,0.000823399692308158
"1476",2,2204,201,0.000823399692308158
"610",2,2205,201,0
"880",2,2205,201,0.000904252054169774
"1487",2,2205,201,0.000904252054169774
"624",2,2206,201,0
"874",2,2206,201,0.000833927653729916
"1493",2,2206,201,0.000833927653729916
"622",2,2207,201,0
"870",2,2207,201,0.000872914679348469
"1503",2,2207,201,0.000872914679348469
"614",2,2208,201,0
"882",2,2208,201,0.000812753394711763
"1512",2,2208,201,0.000812753394711763
"626",2,2209,201,0
"884",2,2209,201,0.000808122858870775
"1465",2,2209,201,0.000808122858870775
"632",2,2210,201,0
"886",2,2210,201,0.000757546513341367
"1482",2,2210,201,0.000757546513341367
"638",2,2211,201,0
"888",2,2211,201,0.000726519210729748
"1499",2,2211,201,0.000726519210729748
"636",2,2212,201,0
"894",2,2212,201,0.000803528411779553
"1507",2,2212,201,0.000803528411779553
"630",2,2213,201,0
"890",2,2213,201,0.000806513475254178
"1517",2,2213,201,0.000806513475254178
"628",2,2214,201,0
"898",2,2214,201,0.000762667565140873
"1524",2,2214,201,0.000762667565140873
"640",2,2215,201,0
"896",2,2215,201,0.000623451895080507
"1529",2,2215,201,0.000623451895080507
"634",2,2216,201,0
"892",2,2216,201,0.000656824617180973
"1534",2,2216,201,0.000656824617180973
"1737",2,1101,202,0
"1985",2,1101,202,0
"1731",2,1102,202,0
"1923",2,1102,202,0
"1987",2,1102,202,0
"1733",2,1103,202,0
"1991",2,1103,202,0
"1743",2,1104,202,0
"1999",2,1104,202,0
"1741",2,1105,202,0
"1989",2,1105,202,0
"1735",2,1106,202,0
"2009",2,1106,202,0
"1739",2,1107,202,0
"2011",2,1107,202,0
"1745",2,1108,202,0
"2001",2,1108,202,0
"1751",2,1109,202,0
"1997",2,1109,202,0
"1749",2,1110,202,0
"2003",2,1110,202,0
"1753",2,1111,202,0
"2005",2,1111,202,0
"1759",2,1112,202,0
"2013",2,1112,202,0
"1747",2,1113,202,0
"2007",2,1113,202,0
"1755",2,1114,202,0
"2025",2,1114,202,0
"1757",2,1115,202,0
"2033",2,1115,202,0
"1761",2,1116,202,0
"2019",2,1116,202,0
"1763",2,1201,202,0
"2015",2,1201,202,0
"1765",2,1202,202,0
"2017",2,1202,202,0
"1769",2,1203,202,0
"2021",2,1203,202,0
"1773",2,1204,202,0
"2029",2,1204,202,0
"1767",2,1205,202,0
"2023",2,1205,202,0
"1775",2,1206,202,0
"2041",2,1206,202,0
"1777",2,1207,202,0
"2089",2,1207,202,0
"1771",2,1208,202,0
"2035",2,1208,202,0
"1779",2,1209,202,0
"2027",2,1209,202,0
"1781",2,1210,202,0
"2031",2,1210,202,0
"1785",2,1211,202,0
"2037",2,1211,202,0
"1787",2,1212,202,0
"2043",2,1212,202,0
"1783",2,1213,202,0
"2039",2,1213,202,0
"1789",2,1214,202,0
"2045",2,1214,202,0
"1791",2,1215,202,0
"2103",2,1215,202,0
"1793",2,1216,202,0
"2047",2,1216,202,0
"1859",2,2101,202,0
"2113",2,2101,202,0
"1865",2,2102,202,0
"2111",2,2102,202,0
"1863",2,2103,202,0
"2115",2,2103,202,0
"1867",2,2104,202,0
"2123",2,2104,202,0
"1873",2,2105,202,0
"2127",2,2105,202,0
"1869",2,2106,202,0
"2121",2,2106,202,0
"1861",2,2107,202,0
"2149",2,2107,202,0
"1871",2,2108,202,0
"2139",2,2108,202,0
"1875",2,2109,202,0
"2129",2,2109,202,0
"1879",2,2110,202,0
"2125",2,2110,202,0
"1877",2,2111,202,0
"2131",2,2111,202,0
"1881",2,2112,202,0
"2137",2,2112,202,0
"1887",2,2113,202,0
"2145",2,2113,202,0
"1883",2,2114,202,0
"2135",2,2114,202,0
"1889",2,2115,202,0
"2163",2,2115,202,0
"1885",2,2116,202,0
"2157",2,2116,202,0
"1895",2,2201,202,0
"2143",2,2201,202,0
"1891",2,2202,202,0
"2141",2,2202,202,0
"1893",2,2203,202,0
"2147",2,2203,202,0
"1901",2,2204,202,0
"2151",2,2204,202,0
"1897",2,2205,202,0
"2167",2,2205,202,0
"1903",2,2206,202,0
"2153",2,2206,202,0
"1899",2,2207,202,0
"2175",2,2207,202,0
"1905",2,2208,202,0
"2171",2,2208,202,0
"1907",2,2209,202,0
"2161",2,2209,202,0
"1909",2,2210,202,0
"2155",2,2210,202,0
"1911",2,2211,202,0
"2159",2,2211,202,0
"1917",2,2212,202,0
"2165",2,2212,202,0
"1913",2,2213,202,0
"2173",2,2213,202,0
"1919",2,2214,202,0
"2169",2,2214,202,0
"1915",2,2215,202,0
"2179",2,2215,202,0
"1921",2,2216,202,0
"2177",2,2216,202,0
"1738",2,1101,203,0
"1986",2,1101,203,0
"1732",2,1102,203,0
"1924",2,1102,203,0
"1988",2,1102,203,0
"1734",2,1103,203,0
"1992",2,1103,203,0
"1744",2,1104,203,0
"2000",2,1104,203,0
"1742",2,1105,203,0
"1990",2,1105,203,0
"1736",2,1106,203,0
"2010",2,1106,203,0
"1740",2,1107,203,0
"2012",2,1107,203,0
"1746",2,1108,203,0
"2002",2,1108,203,0
"1752",2,1109,203,0
"1998",2,1109,203,0
"1750",2,1110,203,0
"2004",2,1110,203,0
"1754",2,1111,203,0
"2006",2,1111,203,0
"1760",2,1112,203,0
"2014",2,1112,203,0
"1748",2,1113,203,0
"2008",2,1113,203,0
"1756",2,1114,203,0
"2026",2,1114,203,0
"1758",2,1115,203,0
"2034",2,1115,203,0
"1762",2,1116,203,0
"2020",2,1116,203,0
"1764",2,1201,203,0
"2016",2,1201,203,0
"1766",2,1202,203,0
"2018",2,1202,203,0
"1770",2,1203,203,0
"2022",2,1203,203,0
"1774",2,1204,203,0
"2030",2,1204,203,0
"1768",2,1205,203,0
"2024",2,1205,203,0
"1776",2,1206,203,0
"2042",2,1206,203,0
"1778",2,1207,203,0
"2090",2,1207,203,0
"1772",2,1208,203,0
"2036",2,1208,203,0
"1780",2,1209,203,0
"2028",2,1209,203,0
"1782",2,1210,203,0
"2032",2,1210,203,0
"1786",2,1211,203,0
"2038",2,1211,203,0
"1788",2,1212,203,0
"2044",2,1212,203,0
"1784",2,1213,203,0
"2040",2,1213,203,0
"1790",2,1214,203,0
"2046",2,1214,203,0
"1792",2,1215,203,0
"2104",2,1215,203,0
"1794",2,1216,203,0
"2048",2,1216,203,0
"1860",2,2101,203,0
"2114",2,2101,203,0
"1866",2,2102,203,0
"2112",2,2102,203,0
"1864",2,2103,203,0
"2116",2,2103,203,0
"1868",2,2104,203,0
"2124",2,2104,203,0
"1874",2,2105,203,0
"2128",2,2105,203,0
"1870",2,2106,203,0
"2122",2,2106,203,0
"1862",2,2107,203,0
"2150",2,2107,203,0
"1872",2,2108,203,0
"2140",2,2108,203,0
"1876",2,2109,203,0
"2130",2,2109,203,0
"1880",2,2110,203,0
"2126",2,2110,203,0
"1878",2,2111,203,0
"2132",2,2111,203,0
"1882",2,2112,203,0
"2138",2,2112,203,0
"1888",2,2113,203,0
"2146",2,2113,203,0
"1884",2,2114,203,0
"2136",2,2114,203,0
"1890",2,2115,203,0
"2164",2,2115,203,0
"1886",2,2116,203,0
"2158",2,2116,203,0
"1896",2,2201,203,0
"2144",2,2201,203,0
"1892",2,2202,203,0
"2142",2,2202,203,0
"1894",2,2203,203,0
"2148",2,2203,203,0
"1902",2,2204,203,0
"2152",2,2204,203,0
"1898",2,2205,203,0
"2168",2,2205,203,0
"1904",2,2206,203,0
"2154",2,2206,203,0
"1900",2,2207,203,0
"2176",2,2207,203,0
"1906",2,2208,203,0
"2172",2,2208,203,0
"1908",2,2209,203,0
"2162",2,2209,203,0
"1910",2,2210,203,0
"2156",2,2210,203,0
"1912",2,2211,203,0
"2160",2,2211,203,0
"1918",2,2212,203,0
"2166",2,2212,203,0
"1914",2,2213,203,0
"2174",2,2213,203,0
"1920",2,2214,203,0
"2170",2,2214,203,0
"1916",2,2215,203,0
"2180",2,2215,203,0
"1922",2,2216,203,0
"2178",2,2216,203,0
"2373",2,1101,204,0
"2565",2,1101,204,0
"2635",2,1101,204,0.00116205948870629
"2917",2,1101,204,0.00116205948870629
"2375",2,1102,204,0
"2633",2,1102,204,0.00126163102686405
"2923",2,1102,204,0.00126163102686405
"2377",2,1103,204,0
"2645",2,1103,204,0.00119525170885026
"2921",2,1103,204,0.00119525170885026
"2381",2,1104,204,0
"2643",2,1104,204,0.00112888286821544
"2929",2,1104,204,0.00112888286821544
"2379",2,1105,204,0
"2631",2,1105,204,0.00123773713130504
"2925",2,1105,204,0.00123773713130504
"2383",2,1106,204,0
"2641",2,1106,204,0.00133942742832005
"2927",2,1106,204,0.00133942742832005
"2385",2,1107,204,0
"2639",2,1107,204,0.00128079426940531
"2931",2,1107,204,0.00128079426940531
"2387",2,1108,204,0
"2637",2,1108,204,0.00117684889119118
"2933",2,1108,204,0.00117684889119118
"2389",2,1109,204,0
"2651",2,1109,204,0.00129658018704504
"2937",2,1109,204,0.00129658018704504
"2391",2,1110,204,0
"2647",2,1110,204,0.00125178706366569
"2940",2,1110,204,0.00125178706366569
"2393",2,1111,204,0
"2655",2,1111,204,0.00120963726658374
"2947",2,1111,204,0.00120963726658374
"2397",2,1112,204,0
"2661",2,1112,204,0.00109044089913368
"2951",2,1112,204,0.00109044089913368
"2395",2,1113,204,0
"2649",2,1113,204,0.00135475699789822
"2949",2,1113,204,0.00135475699789822
"2399",2,1114,204,0
"2657",2,1114,204,0.0012170949485153
"2955",2,1114,204,0.0012170949485153
"2401",2,1115,204,0
"2659",2,1115,204,0.00128583423793316
"2953",2,1115,204,0.00128583423793316
"2403",2,1116,204,0
"2653",2,1116,204,0.00141964689828455
"2957",2,1116,204,0.00141964689828455
"2405",2,1201,204,0
"2669",2,1201,204,0.00134451990015805
"2961",2,1201,204,0.00134451990015805
"2409",2,1202,204,0
"2663",2,1202,204,0.00137949001509696
"2964",2,1202,204,0.00137949001509696
"2411",2,1203,204,0
"2667",2,1203,204,0.00127024238463491
"2966",2,1203,204,0.00127024238463491
"2415",2,1204,204,0
"2673",2,1204,204,0.00120263069402426
"2974",2,1204,204,0.00120263069402426
"2413",2,1205,204,0
"2671",2,1205,204,0.00139883160591125
"2980",2,1205,204,0.00139883160591125
"2417",2,1206,204,0
"2677",2,1206,204,0.00136551342438906
"2976",2,1206,204,0.00136551342438906
"2419",2,1207,204,0
"2675",2,1207,204,0.000897612248081714
"2978",2,1207,204,0.000897612248081714
"2407",2,1208,204,0
"2665",2,1208,204,0.00112216477282345
"2982",2,1208,204,0.00112216477282345
"2421",2,1209,204,0
"2681",2,1209,204,0.00115067895967513
"3020",2,1209,204,0.00115067895967513
"2423",2,1210,204,0
"2679",2,1210,204,0.00132030609529465
"2988",2,1210,204,0.00132030609529465
"2429",2,1211,204,0
"2685",2,1211,204,0.00132402440067381
"2990",2,1211,204,0.00132402440067381
"2433",2,1212,204,0
"2687",2,1212,204,0.000968360167462379
"3010",2,1212,204,0.000968360167462379
"2431",2,1213,204,0
"2683",2,1213,204,0.00126837531570345
"3002",2,1213,204,0.00126837531570345
"2435",2,1214,204,0
"2689",2,1214,204,0.00121717364527285
"3004",2,1214,204,0.00121717364527285
"2425",2,1215,204,0
"2693",2,1215,204,0.00143778754863888
"2999",2,1215,204,0.00143778754863888
"2427",2,1216,204,0
"2691",2,1216,204,0.0014744516229257
"3007",2,1216,204,0.0014744516229257
"2507",2,2101,204,0
"2761",2,2101,204,0.00132456468418241
"3089",2,2101,204,0.00132456468418241
"2501",2,2102,204,0
"2767",2,2102,204,0.00129995762836188
"3107",2,2102,204,0.00129995762836188
"2515",2,2103,204,0
"2765",2,2103,204,0.00107001897413284
"3105",2,2103,204,0.00107001897413284
"2511",2,2104,204,0
"2759",2,2104,204,0.00113947677891701
"3127",2,2104,204,0.00113947677891701
"2513",2,2105,204,0
"2763",2,2105,204,0.00122784089762717
"3118",2,2105,204,0.00122784089762717
"2503",2,2106,204,0
"2769",2,2106,204,0.000998468603938818
"3120",2,2106,204,0.000998468603938818
"2505",2,2107,204,0
"2773",2,2107,204,0.00121911405585706
"3138",2,2107,204,0.00121911405585706
"2509",2,2108,204,0
"2771",2,2108,204,0.00124241004232317
"3133",2,2108,204,0.00124241004232317
"2517",2,2109,204,0
"2777",2,2109,204,0.00113668141420931
"3111",2,2109,204,0.00113668141420931
"2527",2,2110,204,0
"2783",2,2110,204,0.00119780050590634
"3135",2,2110,204,0.00119780050590634
"2519",2,2111,204,0
"2781",2,2111,204,0.00127035775221884
"3124",2,2111,204,0.00127035775221884
"2529",2,2112,204,0
"2775",2,2112,204,0.00115464895498008
"3150",2,2112,204,0.00115464895498008
"2531",2,2113,204,0
"2779",2,2113,204,0.0012675782199949
"3141",2,2113,204,0.0012675782199949
"2521",2,2114,204,0
"2785",2,2114,204,0.00128592341206968
"3145",2,2114,204,0.00128592341206968
"2523",2,2115,204,0
"2789",2,2115,204,0.00121124205179513
"3161",2,2115,204,0.00121124205179513
"2525",2,2116,204,0
"2787",2,2116,204,0.00139267987105995
"3157",2,2116,204,0.00139267987105995
"2543",2,2201,204,0
"2791",2,2201,204,0.00127056753262877
"3130",2,2201,204,0.00127056753262877
"2533",2,2202,204,0
"2797",2,2202,204,0.0013082385994494
"3159",2,2202,204,0.0013082385994494
"2537",2,2203,204,0
"2801",2,2203,204,0.00128318055067211
"3148",2,2203,204,0.00128318055067211
"2547",2,2204,204,0
"2795",2,2204,204,0.00124791148118675
"3175",2,2204,204,0.00124791148118675
"2535",2,2205,204,0
"2793",2,2205,204,0.00134254794102162
"3166",2,2205,204,0.00134254794102162
"2539",2,2206,204,0
"2799",2,2206,204,0.00116639665793628
"3170",2,2206,204,0.00116639665793628
"2541",2,2207,204,0
"2805",2,2207,204,0.00126237573567778
"3184",2,2207,204,0.00126237573567778
"2545",2,2208,204,0
"2803",2,2208,204,0.00124254112597555
"3181",2,2208,204,0.00124254112597555
"2549",2,2209,204,0
"2807",2,2209,204,0.00127220386639237
"3153",2,2209,204,0.00127220386639237
"2551",2,2210,204,0
"2813",2,2210,204,0.00120094197336584
"3178",2,2210,204,0.00120094197336584
"2557",2,2211,204,0
"2817",2,2211,204,0.0012278618523851
"3172",2,2211,204,0.0012278618523851
"2553",2,2212,204,0
"2809",2,2212,204,0.00126180402003229
"3194",2,2212,204,0.00126180402003229
"2555",2,2213,204,0
"2811",2,2213,204,0.00119814136996865
"3188",2,2213,204,0.00119814136996865
"2559",2,2214,204,0
"2815",2,2214,204,0.00130374927539378
"3190",2,2214,204,0.00130374927539378
"2561",2,2215,204,0
"2821",2,2215,204,0.00110633694566786
"3201",2,2215,204,0.00110633694566786
"2563",2,2216,204,0
"2819",2,2216,204,0.00147579424083233
"3198",2,2216,204,0.00147579424083233
"2374",2,1101,205,0
"2566",2,1101,205,0
"2636",2,1101,205,0.00100784318055958
"2918",2,1101,205,0.00100784318055958
"2376",2,1102,205,0
"2634",2,1102,205,0.000783219817094505
"2924",2,1102,205,0.000783219817094505
"2378",2,1103,205,0
"2646",2,1103,205,0.000907186011318117
"2922",2,1103,205,0.000907186011318117
"2382",2,1104,205,0
"2644",2,1104,205,0.000762032170314342
"2930",2,1104,205,0.000762032170314342
"2380",2,1105,205,0
"2632",2,1105,205,0.000735972367692739
"2926",2,1105,205,0.000735972367692739
"2384",2,1106,205,0
"2642",2,1106,205,0.000761680770665407
"2928",2,1106,205,0.000761680770665407
"2386",2,1107,205,0
"2640",2,1107,205,0.000846822164021432
"2932",2,1107,205,0.000846822164021432
"2388",2,1108,205,0
"2638",2,1108,205,0.000855187070555985
"2934",2,1108,205,0.000855187070555985
"2390",2,1109,205,0
"2652",2,1109,205,0.000691129534970969
"2938",2,1109,205,0.000691129534970969
"2392",2,1110,205,0
"2648",2,1110,205,0.000862912158481777
"2941",2,1110,205,0.000862912158481777
"2394",2,1111,205,0
"2656",2,1111,205,0.000718878000043333
"2948",2,1111,205,0.000718878000043333
"2398",2,1112,205,0
"2662",2,1112,205,0.000537681567948312
"2952",2,1112,205,0.000537681567948312
"2396",2,1113,205,0
"2650",2,1113,205,0.000586072274018079
"2950",2,1113,205,0.000586072274018079
"2400",2,1114,205,0
"2658",2,1114,205,0.000815698818769306
"2956",2,1114,205,0.000815698818769306
"2402",2,1115,205,0
"2660",2,1115,205,0.000665725325234234
"2954",2,1115,205,0.000665725325234234
"2404",2,1116,205,0
"2654",2,1116,205,0.000544612121302634
"2958",2,1116,205,0.000544612121302634
"2406",2,1201,205,0
"2670",2,1201,205,0.000794238469097763
"2962",2,1201,205,0.000794238469097763
"2410",2,1202,205,0
"2664",2,1202,205,0.000759866205044091
"2965",2,1202,205,0.000759866205044091
"2412",2,1203,205,0
"2668",2,1203,205,0.000786453019827604
"2967",2,1203,205,0.000786453019827604
"2416",2,1204,205,0
"2674",2,1204,205,0.000754705630242825
"2975",2,1204,205,0.000754705630242825
"2414",2,1205,205,0
"2672",2,1205,205,0.000833398895338178
"2981",2,1205,205,0.000833398895338178
"2418",2,1206,205,0
"2678",2,1206,205,0.000835483602713794
"2977",2,1206,205,0.000835483602713794
"2420",2,1207,205,0
"2676",2,1207,205,0.000727882783394307
"2979",2,1207,205,0.000727882783394307
"2408",2,1208,205,0
"2666",2,1208,205,0.000599949155002832
"2983",2,1208,205,0.000599949155002832
"2422",2,1209,205,0
"2682",2,1209,205,0.000574639358092099
"3021",2,1209,205,0.000574639358092099
"2424",2,1210,205,0
"2680",2,1210,205,0.000675396120641381
"2989",2,1210,205,0.000675396120641381
"2430",2,1211,205,0
"2686",2,1211,205,0.000714092457201332
"2991",2,1211,205,0.000714092457201332
"2434",2,1212,205,0
"2688",2,1212,205,0.000691795605234802
"3011",2,1212,205,0.000691795605234802
"2432",2,1213,205,0
"2684",2,1213,205,0.000799409521277994
"3003",2,1213,205,0.000799409521277994
"2436",2,1214,205,0
"2690",2,1214,205,0.000598596059717238
"3005",2,1214,205,0.000598596059717238
"2426",2,1215,205,0
"2694",2,1215,205,0.000603148306254297
"3000",2,1215,205,0.000603148306254297
"2428",2,1216,205,0
"2692",2,1216,205,0.000742176605854183
"3008",2,1216,205,0.000742176605854183
"2508",2,2101,205,0
"2762",2,2101,205,0.000761969247832894
"3090",2,2101,205,0.000761969247832894
"2502",2,2102,205,0
"2768",2,2102,205,0.000716916576493531
"3108",2,2102,205,0.000716916576493531
"2516",2,2103,205,0
"2766",2,2103,205,0.000766041572205722
"3106",2,2103,205,0.000766041572205722
"2512",2,2104,205,0
"2760",2,2104,205,0.000912094837985933
"3128",2,2104,205,0.000912094837985933
"2514",2,2105,205,0
"2764",2,2105,205,0.000622251245658845
"3119",2,2105,205,0.000622251245658845
"2504",2,2106,205,0
"2770",2,2106,205,0.000501680886372924
"3121",2,2106,205,0.000501680886372924
"2506",2,2107,205,0
"2774",2,2107,205,0.00074515282176435
"3139",2,2107,205,0.00074515282176435
"2510",2,2108,205,0
"2772",2,2108,205,0.000714782101567835
"3134",2,2108,205,0.000714782101567835
"2518",2,2109,205,0
"2778",2,2109,205,0.000636117649264634
"3112",2,2109,205,0.000636117649264634
"2528",2,2110,205,0
"2784",2,2110,205,0.000627369852736592
"3136",2,2110,205,0.000627369852736592
"2520",2,2111,205,0
"2782",2,2111,205,0.000718175258953124
"3125",2,2111,205,0.000718175258953124
"2530",2,2112,205,0
"2776",2,2112,205,0.000683538150042295
"3151",2,2112,205,0.000683538150042295
"2532",2,2113,205,0
"2780",2,2113,205,0.000579278043005615
"3142",2,2113,205,0.000579278043005615
"2522",2,2114,205,0
"2786",2,2114,205,0.000828185933642089
"3146",2,2114,205,0.000828185933642089
"2524",2,2115,205,0
"2790",2,2115,205,0.000799142057076097
"3162",2,2115,205,0.000799142057076097
"2526",2,2116,205,0
"2788",2,2116,205,0.000657795695587993
"3158",2,2116,205,0.000657795695587993
"2544",2,2201,205,0
"2792",2,2201,205,0.000594953773543239
"3131",2,2201,205,0.000594953773543239
"2534",2,2202,205,0
"2798",2,2202,205,0.000800791429355741
"3160",2,2202,205,0.000800791429355741
"2538",2,2203,205,0
"2802",2,2203,205,0.000802267750259489
"3149",2,2203,205,0.000802267750259489
"2548",2,2204,205,0
"2796",2,2204,205,0.000782739953137934
"3176",2,2204,205,0.000782739953137934
"2536",2,2205,205,0
"2794",2,2205,205,0.000859463936649263
"3167",2,2205,205,0.000859463936649263
"2540",2,2206,205,0
"2800",2,2206,205,0.000764122058171779
"3171",2,2206,205,0.000764122058171779
"2542",2,2207,205,0
"2806",2,2207,205,0.000816210173070431
"3185",2,2207,205,0.000816210173070431
"2546",2,2208,205,0
"2804",2,2208,205,0.000750827370211482
"3182",2,2208,205,0.000750827370211482
"2550",2,2209,205,0
"2808",2,2209,205,0.000710172229446471
"3154",2,2209,205,0.000710172229446471
"2552",2,2210,205,0
"2814",2,2210,205,0.000789408280979842
"3179",2,2210,205,0.000789408280979842
"2558",2,2211,205,0
"2818",2,2211,205,0.000746062723919749
"3173",2,2211,205,0.000746062723919749
"2554",2,2212,205,0
"2810",2,2212,205,0.000736108748242259
"3195",2,2212,205,0.000736108748242259
"2556",2,2213,205,0
"2812",2,2213,205,0.000617371289990842
"3189",2,2213,205,0.000617371289990842
"2560",2,2214,205,0
"2816",2,2214,205,0.000706005492247641
"3191",2,2214,205,0.000706005492247641
"2562",2,2215,205,0
"2822",2,2215,205,0.000544730108231306
"3202",2,2215,205,0.000544730108231306
"2564",2,2216,205,0
"2820",2,2216,205,0.000675065733958036
"3199",2,2216,205,0.000675065733958036
"1232",2,1101,300,0.47435137629509
"1247",2,1102,300,0.467582255601883
"1261",2,1103,300,0.452002614736557
"1268",2,1104,300,0.44448533654213
"1274",2,1105,300,0.44514125585556
"1262",2,1106,300,0.444468766450882
"1267",2,1107,300,0.434934735298157
"1275",2,1108,300,0.435861140489578
"1278",2,1109,300,0.424962848424911
"1269",2,1110,300,0.423359304666519
"1281",2,1111,300,0.398181736469269
"1290",2,1112,300,0.3968645632267
"1299",2,1113,300,0.385074198246002
"1305",2,1114,300,0.380476623773575
"1311",2,1115,300,0.384446620941162
"1318",2,1116,300,0.393337517976761
"1300",2,1201,300,0.457099199295044
"1306",2,1202,300,0.477415800094604
"1321",2,1203,300,0.461789935827255
"1328",2,1204,300,0.451105207204819
"1336",2,1205,300,0.443368375301361
"1348",2,1206,300,0.436344087123871
"1355",2,1207,300,0.440770089626312
"1363",2,1208,300,0.431719958782196
"1333",2,1209,300,0.419978737831116
"1345",2,1210,300,0.414517164230347
"1360",2,1211,300,0.408809185028076
"1366",2,1212,300,0.394635736942291
"1376",2,1213,300,0.386671215295792
"1390",2,1214,300,0.392967075109482
"1395",2,1215,300,0.386227637529373
"1401",2,1216,300,0.398941069841385
"1371",2,2101,300,0.465541183948517
"1381",2,2102,300,0.468909382820129
"1400",2,2103,300,0.463286906480789
"1411",2,2104,300,0.452875226736069
"1416",2,2105,300,0.443254262208939
"1428",2,2106,300,0.441974580287933
"1439",2,2107,300,0.442005187273026
"1446",2,2108,300,0.436272978782654
"1408",2,2109,300,0.440546780824661
"1419",2,2110,300,0.423336565494537
"1440",2,2111,300,0.421595215797424
"1451",2,2112,300,0.402694791555405
"1456",2,2113,300,0.397869497537613
"1470",2,2114,300,0.390183866024017
"1480",2,2115,300,0.389572858810425
"1490",2,2116,300,0.40151259303093
"1445",2,2201,300,0.475422084331512
"1457",2,2202,300,0.472407341003418
"1479",2,2203,300,0.455847084522247
"1491",2,2204,300,0.451570391654968
"1497",2,2205,300,0.45430114865303
"1508",2,2206,300,0.452296108007431
"1520",2,2207,300,0.432950228452682
"1522",2,2208,300,0.439715087413788
"1483",2,2209,300,0.431176424026489
"1494",2,2210,300,0.420368045568466
"1513",2,2211,300,0.41942286491394
"1521",2,2212,300,0.406576961278915
"1527",2,2213,300,0.395213484764099
"1532",2,2214,300,0.401274174451828
"1537",2,2215,300,0.393003672361374
"1538",2,2216,300,0.401784986257553
"2935",2,1101,302,0.464002847671509
"2936",2,1102,302,0.458497107028961
"2939",2,1103,302,0.442775458097458
"2945",2,1104,302,0.435205459594727
"2942",2,1105,302,0.433213442564011
"2944",2,1106,302,0.434402316808701
"2943",2,1107,302,0.422829359769821
"2946",2,1108,302,0.425913870334625
"2959",2,1109,302,0.414416432380676
"2960",2,1110,302,0.411661803722382
"2963",2,1111,302,0.386137723922729
"2969",2,1112,302,0.383909672498703
"2972",2,1113,302,0.372557789087296
"2968",2,1114,302,0.367224097251892
"2970",2,1115,302,0.370367020368576
"2971",2,1116,302,0.381275355815887
"2973",2,1201,302,0.447998464107513
"2986",2,1202,302,0.466016411781311
"2987",2,1203,302,0.450980812311172
"3001",2,1204,302,0.4414342045784
"2995",2,1205,302,0.432785093784332
"2994",2,1206,302,0.425251603126526
"2993",2,1207,302,0.429705381393433
"2998",2,1208,302,0.420288056135178
"3040",2,1209,302,0.409862488508224
"3006",2,1210,302,0.403985023498535
"3009",2,1211,302,0.396710067987442
"3024",2,1212,302,0.382211416959763
"3017",2,1213,302,0.374785155057907
"3019",2,1214,302,0.379602283239365
"3018",2,1215,302,0.372806459665298
"3022",2,1216,302,0.386588335037231
"3101",2,2101,302,0.456106036901474
"3129",2,2102,302,0.459230065345764
"3117",2,2103,302,0.454635173082352
"3144",2,2104,302,0.443342328071594
"3137",2,2105,302,0.432133495807648
"3140",2,2106,302,0.430753976106644
"3156",2,2107,302,0.430715352296829
"3152",2,2108,302,0.425758540630341
"3123",2,2109,302,0.429019093513489
"3155",2,2110,302,0.414172172546387
"3143",2,2111,302,0.410481691360474
"3169",2,2112,302,0.391608864068985
"3163",2,2113,302,0.384748697280884
"3164",2,2114,302,0.378139674663544
"3180",2,2115,302,0.377529829740524
"3177",2,2116,302,0.388215005397797
"3147",2,2201,302,0.465370118618011
"3174",2,2202,302,0.462389469146729
"3165",2,2203,302,0.445656508207321
"3192",2,2204,302,0.442349582910538
"3183",2,2205,302,0.442647069692612
"3186",2,2206,302,0.442103505134583
"3197",2,2207,302,0.422622323036194
"3196",2,2208,302,0.428187251091003
"3168",2,2209,302,0.422581166028976
"3193",2,2210,302,0.409908682107925
"3187",2,2211,302,0.408371984958649
"3204",2,2212,302,0.3959821164608
"3200",2,2213,302,0.384297728538513
"3203",2,2214,302,0.388546288013458
"3206",2,2215,302,0.381660431623459
"3205",2,2216,302,0.388745129108429
"65",2,1101,400,0
"1603",2,1101,400,0
"2245",2,1101,400,0
"66",2,1102,400,0
"1604",2,1102,400,0
"2246",2,1102,400,0
"67",2,1103,400,0
"1605",2,1103,400,0
"2247",2,1103,400,0
"68",2,1104,400,0
"1606",2,1104,400,0
"2248",2,1104,400,0
"69",2,1105,400,0
"1607",2,1105,400,0
"2249",2,1105,400,0
"70",2,1106,400,0
"1608",2,1106,400,0
"2250",2,1106,400,0
"71",2,1107,400,0
"1609",2,1107,400,0
"2251",2,1107,400,0
"72",2,1108,400,0
"1610",2,1108,400,0
"2252",2,1108,400,0
"73",2,1109,400,0
"1611",2,1109,400,0
"2253",2,1109,400,0
"74",2,1110,400,0
"1612",2,1110,400,0
"2254",2,1110,400,0
"75",2,1111,400,0
"1613",2,1111,400,0
"2255",2,1111,400,0
"76",2,1112,400,0
"1614",2,1112,400,0
"2256",2,1112,400,0
"77",2,1113,400,0
"1615",2,1113,400,0
"2257",2,1113,400,0
"78",2,1114,400,0
"1616",2,1114,400,0
"2258",2,1114,400,0
"79",2,1115,400,0
"1617",2,1115,400,0
"2259",2,1115,400,0
"80",2,1116,400,0
"1618",2,1116,400,0
"2260",2,1116,400,0
"81",2,1201,400,0
"1619",2,1201,400,0
"2261",2,1201,400,0
"82",2,1202,400,0
"1620",2,1202,400,0
"2262",2,1202,400,0
"83",2,1203,400,0
"1621",2,1203,400,0
"2263",2,1203,400,0
"84",2,1204,400,0
"1622",2,1204,400,0
"2264",2,1204,400,0
"85",2,1205,400,0
"1623",2,1205,400,0
"2265",2,1205,400,0
"86",2,1206,400,0
"1624",2,1206,400,0
"2266",2,1206,400,0
"87",2,1207,400,0
"1625",2,1207,400,0
"2267",2,1207,400,0
"88",2,1208,400,0
"1626",2,1208,400,0
"2268",2,1208,400,0
"89",2,1209,400,0
"1627",2,1209,400,0
"2269",2,1209,400,0
"90",2,1210,400,0
"1628",2,1210,400,0
"2270",2,1210,400,0
"91",2,1211,400,0
"1629",2,1211,400,0
"2271",2,1211,400,0
"92",2,1212,400,0
"1630",2,1212,400,0
"2272",2,1212,400,0
"93",2,1213,400,0
"1631",2,1213,400,0
"2273",2,1213,400,0
"94",2,1214,400,0
"1632",2,1214,400,0
"2274",2,1214,400,0
"95",2,1215,400,0
"1633",2,1215,400,0
"2275",2,1215,400,0
"96",2,1216,400,0
"1634",2,1216,400,0
"2276",2,1216,400,0
"97",2,2101,400,0
"1635",2,2101,400,0
"2277",2,2101,400,0
"98",2,2102,400,0
"1636",2,2102,400,0
"2278",2,2102,400,0
"99",2,2103,400,0
"1637",2,2103,400,0
"2279",2,2103,400,0
"100",2,2104,400,0
"1638",2,2104,400,0
"2280",2,2104,400,0
"101",2,2105,400,0
"1639",2,2105,400,0
"2281",2,2105,400,0
"102",2,2106,400,0
"1640",2,2106,400,0
"2282",2,2106,400,0
"103",2,2107,400,0
"1641",2,2107,400,0
"2283",2,2107,400,0
"104",2,2108,400,0
"1642",2,2108,400,0
"2284",2,2108,400,0
"105",2,2109,400,0
"1643",2,2109,400,0
"2285",2,2109,400,0
"106",2,2110,400,0
"1644",2,2110,400,0
"2286",2,2110,400,0
"107",2,2111,400,0
"1645",2,2111,400,0
"2287",2,2111,400,0
"108",2,2112,400,0
"1646",2,2112,400,0
"2288",2,2112,400,0
"109",2,2113,400,0
"1647",2,2113,400,0
"2289",2,2113,400,0
"110",2,2114,400,0
"1648",2,2114,400,0
"2290",2,2114,400,0
"111",2,2115,400,0
"1649",2,2115,400,0
"2291",2,2115,400,0
"112",2,2116,400,0
"1650",2,2116,400,0
"2292",2,2116,400,0
"113",2,2201,400,0
"1651",2,2201,400,0
"2293",2,2201,400,0
"114",2,2202,400,0
"1652",2,2202,400,0
"2294",2,2202,400,0
"115",2,2203,400,0
"1653",2,2203,400,0
"2295",2,2203,400,0
"116",2,2204,400,0
"1654",2,2204,400,0
"2296",2,2204,400,0
"117",2,2205,400,0
"1655",2,2205,400,0
"2297",2,2205,400,0
"118",2,2206,400,0
"1656",2,2206,400,0
"2298",2,2206,400,0
"119",2,2207,400,0
"1657",2,2207,400,0
"2299",2,2207,400,0
"120",2,2208,400,0
"1658",2,2208,400,0
"2300",2,2208,400,0
"121",2,2209,400,0
"1659",2,2209,400,0
"2301",2,2209,400,0
"122",2,2210,400,0
"1660",2,2210,400,0
"2302",2,2210,400,0
"123",2,2211,400,0
"1661",2,2211,400,0
"2303",2,2211,400,0
"124",2,2212,400,0
"1662",2,2212,400,0
"2304",2,2212,400,0
"125",2,2213,400,0
"1663",2,2213,400,0
"2305",2,2213,400,0
"126",2,2214,400,0
"1664",2,2214,400,0
"2306",2,2214,400,0
"127",2,2215,400,0
"1665",2,2215,400,0
"2307",2,2215,400,0
"128",2,2216,400,0
"1666",2,2216,400,0
"2308",2,2216,400,0
